Comune;Provincia;Regione;Tipo ufficio;Denominazione ufficio;Indirizzo;CAP;Sigla provincia;Telefono;FAX;Email;H24 (SI/NO);Indirizzo internet;Latitudine;Longitudine
BARDONECCHIA;CITTA' METROPOLITANA DI TORINO;Piemonte;Commissariato di P.S.;Commissariato Bardonecchia;Viale della Vittoria, 1;10052;TO;0122909411;0122909433;comm.bardonecchia.to@pecps.poliziadistato.it;SI;;45.0803;6.69734
IVREA;CITTA' METROPOLITANA DI TORINO;Piemonte;Commissariato di P.S.;Commissariato Ivrea Banchette;Piazza San Francesco D`Assisi, 3;10015;TO;0125233811;0125233833;comm.ivreaebanchette.to@pecps.poliziadistato.it;SI;;45.466;7.87872
RIVOLI;CITTA' METROPOLITANA DI TORINO;Piemonte;Commissariato di P.S.;Commissariato Rivoli;Via Pavia, 26;10098;TO;0119599611;0119599633;comm.rivoli.to@pecps.poliziadistato.it;SI;;45.0832;7.54463
TORINO;CITTA' METROPOLITANA DI TORINO;Piemonte;Commissariato di P.S.;Commissariato Torino Barriera di Milano;Via Botticelli n.114;10154;TO;0112404411;0112404433;comm.barrieramilano.to@pecps.poliziadistato.it;SI;;45.0863;7.70402
TORINO;CITTA' METROPOLITANA DI TORINO;Piemonte;Commissariato di P.S.;Commissariato Torino Barriera Nizza;Corso Spezia n.26;10126;TO;0116939811;0116939833;comm.barrieranizza.to@pecps.poliziadistato.it;SI;;45.0373;7.66923
TORINO;CITTA' METROPOLITANA DI TORINO;Piemonte;Commissariato di P.S.;Commissariato Torino Borgo Po;Via Sabaudia n.36;10133;TO;0116619711;0116619733;comm.borgopo.to@pecps.poliziadistato.it;SI;;45.0361;7.68249
TORINO;CITTA' METROPOLITANA DI TORINO;Piemonte;Commissariato di P.S.;Commissariato Torino Centro;Via Giuseppe Verdi,11;10124;TO;0118182011;0118182033;comm.centro.to@pecps.poliziadistato.it;SI;;45.0684;7.69241
TORINO;CITTA' METROPOLITANA DI TORINO;Piemonte;Commissariato di P.S.;Commissariato Torino Dora-Vanchiglia;P.zza Cesare Augusto,5;10122;TO;0114647411;0114647433;comm.doravanchiglia.to@pecps.poliziadistato.it;SI;;45.0745;7.68366
TORINO;CITTA' METROPOLITANA DI TORINO;Piemonte;Commissariato di P.S.;Commissariato Torino Madonna di Campagna;Corso Grosseto n.283;10147;TO;0112280011;0112280033;comm.madonnadicampagna.to@pecps.poliziadistato.it;SI;;45.1052;7.66562
TORINO;CITTA' METROPOLITANA DI TORINO;Piemonte;Commissariato di P.S.;Commissariato Torino Mirafiori;Via Olivero Pier Domenico, 13;10135;TO;0116177511;0116177533;comm.mirafiori.to@pecps.poliziadistato.it;SI;;45.0312;7.6469
TORINO;CITTA' METROPOLITANA DI TORINO;Piemonte;Commissariato di P.S.;Commissariato Torino San Donato;Via Pierdionigi Pinelli n.3;10144;TO;0114388611;0114388633;comm.sandonato.to@pecps.poliziadistato.it;SI;;45.0818;7.66374
TORINO;CITTA' METROPOLITANA DI TORINO;Piemonte;Commissariato di P.S.;Commissariato Torino San Paolo;C.so Racconigi n.100/A;10141;TO;0113333311;0113333333;comm.sanpaolo.to@pecps.poliziadistato.it;SI;;45.0645;7.6452
TORINO;CITTA' METROPOLITANA DI TORINO;Piemonte;Commissariato di P.S.;Commissariato Torino San Secondo;Via Massena, 105;10128;TO;0115093611;0115093633;comm.sansecondo.to@pecps.poliziadistato.it;SI;;45.0535;7.6673
TORINO;CITTA' METROPOLITANA DI TORINO;Piemonte;Questura;Questura Torino;Corso Vinzaglio n.10;10121;TO;01155881;0115588045;"gab.quest.to@pecps.poliziadistato.it ;  U.R.P. - urp.quest.to@pecps.poliziadistato.it";SI;http://questure.poliziadistato.it/Torino;45.0705;7.66829
VERCELLI;VERCELLI;Piemonte;Questura;Questura Vercelli;Via San Cristoforo n.11;13100;VC;0161225411;0161225580;gab.quest.vc@pecps.poliziadistato.it;SI;http://questure.poliziadistato.it/Vercelli;45.1918;8.2526
NOVARA;NOVARA;Piemonte;Questura;Questura Novara;Piazza del Popolo, 1;28100;NO;0321388111;0321/388777 - Polizia Stradale 0321/482633;gab.quest.no@pecps.poliziadistato.it;SI;http://questure.poliziadistato.it/Novara;45.4448;8.613
CUNEO;CUNEO;Piemonte;Questura;Questura Cuneo;Piazza Torino n. 5;12100;CN;0171443411;0171443560;gab.quest.cn@pecps.poliziadistato.it;SI;http://questure.poliziadistato.it/Cuneo;44.3955;7.55383
ASTI;ASTI;Piemonte;Questura;Questura Asti;Corso XXV Aprile n.19;14100;AT;0141418111;0141418677;gab.quest.at@pecps.poliziadistato.it;SI;http://questure.poliziadistato.it/Asti;44.9051;8.19672
ALESSANDRIA;ALESSANDRIA;Piemonte;Questura;Questura Alessandria;Corso Lamarmora n.71;15121;AL;0131310111;0131310666;gab.quest.al@pecps.poliziadistato.it;SI;http://questure.poliziadistato.it/Alessandria;44.9108;8.62107
CASALE MONFERRATO;ALESSANDRIA;Piemonte;Commissariato di P.S.;Commissariato Casale Monferrato;Piazza Statuto n.9;15033;AL;0142444511;;;SI;;45.1376;8.45658
AOSTA;AOSTA;Valle d'Aosta;Questura;Questura Aosta;Corso Battaglione Aosta, 169;11100;AO;0165279111;0165279453;gab.quest.ao@pecps.poliziadistato.it;SI;http://questure.poliziadistato.it/Aosta;45.7336;7.30498
IMPERIA;IMPERIA;Liguria;Questura;Questura Imperia;Piazza del Duomo, 14;18100;IM;01837951;0183795592;urp.quest.im@pecps.poliziadistato.it;SI;http://questure.poliziadistato.it/Imperia;43.8755;8.01504
SAN REMO;IMPERIA;Liguria;Commissariato di P.S.;Commissariato Sanremo;corso Cavallotti, 32;18038;IM;018452371;01845237200;comm.sanremo.im@pecps.poliziadistato.it;SI;;43.8223;7.78687
VENTIMIGLIA;IMPERIA;Liguria;Commissariato di P.S.;Commissariato Ventimiglia;Via Aprosio n.21;18039;IM;018423821;01842382300;comm.ventimiglia.im@pecps.poliziadistato.it;SI;;43.7921;7.60707
ALASSIO;SAVONA;Liguria;Commissariato di P.S.;Commissariato Alassio;Viale Hanbury, 19;17021;SV;018264731;01826473200;comm.alassio.sv@pecps.poliziadistato.it;SI;;44.0129;8.17884
SAVONA;SAVONA;Liguria;Questura;Questura Savona;Via dei Partigiani, 2;17100;SV;01985501;0198550777;urp.quest.sv@pecps.poliziadistato.it;SI;http://questure.poliziadistato.it/Savona;44.311;8.47244
CHIAVARI;CITTA' METROPOLITANA DI GENOVA;Liguria;Commissariato di P.S.;Commissariato Chiavari;Via Brizzolara n.5;16043;GE;018536171;01853617200;;SI;;44.3141;9.32854
GENOVA;CITTA' METROPOLITANA DI GENOVA;Liguria;Commissariato di P.S.;Commissariato Genova Centro;Piazza Matteotti n.2;16123;GE;010254891;01025489200;;SI;;44.407;8.93233
GENOVA;CITTA' METROPOLITANA DI GENOVA;Liguria;Commissariato di P.S.;Commissariato Genova Cornigliano;Piazza Rizzolio n.25;16126;GE;010648001;;;SI;;44.4162;8.87159
GENOVA;CITTA' METROPOLITANA DI GENOVA;Liguria;Commissariato di P.S.;Commissariato Genova Foce Sturla;Via dei Mille n.12;16147;GE;0103097112;;;SI;;44.3938;8.98117
GENOVA;CITTA' METROPOLITANA DI GENOVA;Liguria;Commissariato di P.S.;Commissariato Genova Nervi;Piazza Duca degli Abruzzi;16167;GE;010329021;01032902200;;SI;;44.3849;9.03582
GENOVA;CITTA' METROPOLITANA DI GENOVA;Liguria;Commissariato di P.S.;Commissariato Genova Pr ;Via Balbi n.38/B;16126;GE;010254871;01025487200;;SI;;44.4163;8.92378
GENOVA;CITTA' METROPOLITANA DI GENOVA;Liguria;Commissariato di P.S.;Commissariato Genova San Fruttuoso;Via Marina di Robilant n.4;16100;GE;010518611;01051861200;;SI;;44.408;8.96395
GENOVA;CITTA' METROPOLITANA DI GENOVA;Liguria;Commissariato di P.S.;Commissariato Genova Sestri Ponente;Via F. Da Persico, 1;16145;GE;010648061;01064806200;;SI;;44.4266;8.84855
GENOVA;CITTA' METROPOLITANA DI GENOVA;Liguria;Questura;Questura Genova;Via Armando Diaz n.2;16121;GE;01053661;;;SI;http://questure.poliziadistato.it/Genova;44.4012;8.94445
RAPALLO;CITTA' METROPOLITANA DI GENOVA;Liguria;Commissariato di P.S.;Commissariato Rapallo;Piazzale Alfieri, 1;16035;GE;018523271;01852327200;;SI;;44.3515;9.22825
LA SPEZIA;LA SPEZIA;Liguria;Questura;Questura La Spezia;Viale Italia n.497;19100;SP;0187/5671;;gab.quest.sp@pecps.poliziadistato.it;SI;http://questure.poliziadistato.it/LaSpezia;44.1127;9.83657
SARZANA;LA SPEZIA;Liguria;Commissariato di P.S.;Commissariato Sarzana;Piazza Vittorio Veneto 1;19123;SP;018769181;;commsarzana.sp@poliziadistato.it;SI;;44.1115;9.95907
BUSTO ARSIZIO;VARESE;Lombardia;Commissariato di P.S.;Commissariato Busto Arsizio;Via Candiani nr.9;21052;VA;0331327911;0331327966;comm.bustoarsizio.va@pecps.poliziadistato.it;SI;;45.6153;8.8553
GALLARATE;VARESE;Lombardia;Commissariato di P.S.;Commissariato Gallarate;Via dei Ragazzi del 99 nr.4;21013;VA;0331712911;0331712966;comm.gallarate.va@pecps.poliziadistato.it;SI;;45.657;8.7999
VARESE;VARESE;Lombardia;Questura;Questura Varese;Piazza della Libert , 2;21100;VA;0332801111;0332801742;urp.quest.va@pecps.poliziadistato.it;SI;http://questure.poliziadistato.it/Varese;45.8178;8.8136
COMO;COMO;Lombardia;Questura;Questura Como;Viale Roosevelt n.7;22100;CO;031.3171;;urp.quest.co@pecps.poliziadistato.it;SI;http://questure.poliziadistato.it/Como;45.8042;9.0837
SONDRIO;SONDRIO;Lombardia;Questura;Questura Sondrio;Via Nazario Sauro, 72;23100;SO;0342220111;0342220777;urp.quest.so@pecps.poliziadistato.it;SI;http://questure.poliziadistato.it/Sondrio;46.1684;9.87501
CINISELLO BALSAMO;CITTA' METROPOLITANA DI MILANO;Lombardia;Commissariato di P.S.;Commissariato Cinisello Balsamo;Via Cilea n.30;20092;MI;026608181;;;SI;;45.5659;9.2157
LEGNANO;CITTA' METROPOLITANA DI MILANO;Lombardia;Commissariato di P.S.;Commissariato Legnano;Via Monsignor Gilardelli n.1;20025;MI;0331472411;;;SI;;45.5953;8.9196
MILANO;CITTA' METROPOLITANA DI MILANO;Lombardia;Commissariato di P.S.;Commissariato Milano Bonola;Via Enrico Falck, 12;20151;MI;023393171;;;SI;;45.4984;9.1057
MILANO;CITTA' METROPOLITANA DI MILANO;Lombardia;Commissariato di P.S.;Commissariato Milano Centro;Piazza S. Sepolcro n.9;20123;MI;02806051;;;SI;;45.4628;9.18525
MILANO;CITTA' METROPOLITANA DI MILANO;Lombardia;Commissariato di P.S.;Commissariato Milano Citt  Studi;Via Alvise Cadamosto, 4;;MI;022052101;;;SI;;45.4765;9.20903
MILANO;CITTA' METROPOLITANA DI MILANO;Lombardia;Commissariato di P.S.;Commissariato Milano Comasina;Via Comasina n.36;20161;MI;026406061;;;SI;;45.5294;9.1629
MILANO;CITTA' METROPOLITANA DI MILANO;Lombardia;Commissariato di P.S.;Commissariato Milano Garibaldi-Venezia;Via Giovanni Schiaparelli, 8;20125;MI;026784131;;;SI;;45.4897;9.20495
MILANO;CITTA' METROPOLITANA DI MILANO;Lombardia;Commissariato di P.S.;Commissariato Milano Greco Turro;Via Perotti n.2;20125;MI;026943451;;;SI;;45.5015;9.20046
MILANO;CITTA' METROPOLITANA DI MILANO;Lombardia;Commissariato di P.S.;Commissariato Milano Lambrate;Via Maniago, 36;20134;MI;022100991;;;SI;;45.4888;9.24011
MILANO;CITTA' METROPOLITANA DI MILANO;Lombardia;Commissariato di P.S.;Commissariato Milano Monforte-Vittoria;Via C. Poma n.8;20129;MI;027541131;;;SI;;45.4661;9.21603
MILANO;CITTA' METROPOLITANA DI MILANO;Lombardia;Commissariato di P.S.;Commissariato Milano Porta Genova;Piazza Venino n.6;20123;MI;024380071;;;SI;;45.4607;9.16947
MILANO;CITTA' METROPOLITANA DI MILANO;Lombardia;Commissariato di P.S.;Commissariato Milano Porta Ticinese;Via Tabacchi n.6;20136;MI;028330181;;;SI;;45.4474;9.1803
MILANO;CITTA' METROPOLITANA DI MILANO;Lombardia;Commissariato di P.S.;Commissariato Milano San Siro;Via Novara n.199;20153;MI;024828561;;;SI;;45.4772;9.10894
MILANO;CITTA' METROPOLITANA DI MILANO;Lombardia;Commissariato di P.S.;Commissariato Milano Scalo Romana;Via Federico Chopin, 52;20141;MI;025253961;;;SI;;45.427;9.20603
MILANO;CITTA' METROPOLITANA DI MILANO;Lombardia;Questura;Questura Milano;Via Fatebenefratelli, 11;20121;MI;0262261;;urp.quest.mi@pecps.poliziadistato.it;SI;http://questure.poliziadistato.it/Milano;45.4729;9.19227
SESTO SAN GIOVANNI;CITTA' METROPOLITANA DI MILANO;Lombardia;Commissariato di P.S.;Commissariato Sesto San Giovanni;Via Fiume n.2;20099;MI;0224882111;;;SI;;45.5236;9.22786
BERGAMO;BERGAMO;Lombardia;Questura;Questura Bergamo;Via Noli n.26;24100;BG;035276111;035276777;urp.quest.bg@pecps.poliziadistato.it;SI;http://questure.poliziadistato.it/Bergamo;45.7006;9.6832
TREVIGLIO;BERGAMO;Lombardia;Commissariato di P.S.;Commissariato Treviglio;Piazza del Popolo n.3;24047;BG;0363313311;0363313366;commissariatotreviglio.bg@poliziadistato.it;SI;;45.5211;9.58919
BRESCIA;BRESCIA;Lombardia;Commissariato di P.S.;Commissariato Brescia Carmine;Via Elia Capriolo, 3;25100;BS;030297521;030/2975232;;SI;;45.5415;10.2192
BRESCIA;BRESCIA;Lombardia;Questura;Questura Brescia;Via Botticelli n.2;25124;BS;03037441;;urp.quest.bs@pecps.poliziadistato.it;SI;http://questure.poliziadistato.it/Brescia;45.5246;10.241
DESENZANO DEL GARDA;BRESCIA;Lombardia;Commissariato di P.S.;Commissariato Desenzano del Garda;Via Dante Alighieri n.17;25015;BS;0309148611;;;SI;;45.4652;10.54
PAVIA;PAVIA;Lombardia;Questura;Questura Pavia;Via Rismondo nr.68;27100;PV;03825121;0382512777;questore.pv@poliziadistato.it;SI;http://questure.poliziadistato.it/Pavia;45.1954;9.1572
VIGEVANO;PAVIA;Lombardia;Commissariato di P.S.;Commissariato Vigevano;Viale Libert  3/B;27029;PV;0381-340911;0381-340966;comm.vigevano.pv@pecps.poliziadistato.it;SI;;45.317;8.87383
VOGHERA;PAVIA;Lombardia;Commissariato di P.S.;Commissariato Voghera;Via Carlo Emanuele III, 23;27058;PV;0383-344911;0383-344966;comm.voghera.pv@pecps.poliziadistato.it;SI;;44.9932;9.01762
CREMA;CREMONA;Lombardia;Commissariato di P.S.;Commissariato Crema;via Macall  n.7;26013;CR;0373897311;0373897366;;SI;;45.357;9.68077
CREMONA;CREMONA;Lombardia;Questura;Questura Cremona;via Tribunali n.6;26100;CR;03724881;0372488777;urp.quest.cr@pecps.poliziadistato.it;SI;http://questure.poliziadistato.it/Cremona;45.1331;10.0194
MANTOVA;MANTOVA;Lombardia;Questura;Questura Mantova;Piazza Sordello n.46;46100;MN;03762051;0376205777;gab.quest.mn@pecps.poliziadistato.it;SI;http://questure.poliziadistato.it/Mantova;45.1601;10.7967
BOLZANO;BOLZANO;Trentino-Alto Adige;Questura;Questura Bolzano;Largo Giovanni Palatucci 1 - Palatucci Platz 1;39100;BZ;0471.947.611;;urp.quest.bz@pecps.poliziadistato.it;SI;http://questure.poliziadistato.it/Bolzano;46.495;11.3498
BRENNERO;BOLZANO;Trentino-Alto Adige;Commissariato di P.S.;Commissariato Brennero;via San Valentino n. 32;39041;BZ;0472 635311;;;SI;;46.9344;11.4457
BRESSANONE;BOLZANO;Trentino-Alto Adige;Commissariato di P.S.;Commissariato Bressanone;via Vittorio Veneto n.13;39042;BZ;0472271611;;;SI;;46.7036;11.6484
MERANO;BOLZANO;Trentino-Alto Adige;Commissariato di P.S.;Commissariato Merano;Piazza del Grano, 2;39012;BZ;0473273511;;;SI;;46.4992;11.3551
SAN CANDIDO;BOLZANO;Trentino-Alto Adige;Commissariato di P.S.;Commissariato San Candido;via Stazione n.5;39038;BZ;0474919011;;;SI;;46.7319;12.2713
RIVA DEL GARDA;TRENTO;Trentino-Alto Adige;Commissariato di P.S.;Commissariato Riva del Garda;Via Brione nr. 5;38066;TN;0464578011;0464578025;commissariatorivadelgarda.tn@poliziadistato.it;SI;;45.8815;10.8619
ROVERETO;TRENTO;Trentino-Alto Adige;Commissariato di P.S.;Commissariato Rovereto;Via Sighele n.1;38068;TN;0464484611;0464484615;commissariatorovereto.tn@poliziadistato.it;SI;;45.8923;11.0356
TRENTO;TRENTO;Trentino-Alto Adige;Questura;Questura Trento;Viale Verona 187;38100;TN;+390461899511;+390461899777;urp.tn@poliziadistato.it;SI;http://questure.poliziadistato.it/Trento;46.047;11.131
VERONA;VERONA;Veneto;Commissariato di P.S.;"Commissariato sezionale &quot;Borgo Roma&quot;";Via San Giacomo, 03;37134;VR;0458250032;0458250036;;SI;;45.4116;10.9892
VERONA;VERONA;Veneto;Questura;Questura Verona;Lungadige Antonio Galtarossa, 11;37133;VR;Centralino: 0458090411;0458090490;urp.quest.vr@pecps.poliziadistato.it;SI;http://questure.poliziadistato.it/Verona;45.4309;10.999
BASSANO DEL GRAPPA;VICENZA;Veneto;Commissariato di P.S.;Commissariato Bassano del Grappa;Via Pecori Giraldi n.56/58;36061;VI;0424507911;;comm.bassanodelgrappa.vi@pecps.poliziadistato.it;SI;;45.7652;11.7228
VICENZA;VICENZA;Veneto;Questura;Questura Vicenza;Viale Mazzini n.213;36100;VI;0444337511;;gab.quest.vi@pecps.poliziadistato.it;SI;http://questure.poliziadistato.it/Vicenza;45.5525;11.5354
BELLUNO;BELLUNO;Veneto;Questura;Questura Belluno;Via Volontari della Libert  n.13;32100;BL;0437945511;0437945777;questore.bl@poliziadistato.it;SI;http://questure.poliziadistato.it/Belluno;46.1424;12.2142
CORTINA D'AMPEZZO;BELLUNO;Veneto;Commissariato di P.S.;Commissariato Cortina d`Ampezzo;Largo Poste n.10;32043;BL;0436882811;0436882824;;SI;;46.5387;12.137
CONEGLIANO;TREVISO;Veneto;Commissariato di P.S.;Commissariato Conegliano Veneto;Via Maggiore Piovesana, 13;31015;TV;0438/377811;0438/377833;comm.conegliano.tv@pecps.poliziadistato.it;SI;;45.8891;12.3166
TREVISO;TREVISO;Veneto;Questura;Questura Treviso;Piazza delle Istituzioni, 1 - Edificio A;31100;TV;0422/248111;0422/248300;urp.quest.tv@pecps.poliziadistato.it;SI;http://questure.poliziadistato.it/Treviso;45.6685;12.229
CHIOGGIA;CITTA' METROPOLITANA DI VENEZIA;Veneto;Commissariato di P.S.;Commissariato Chioggia;Corso del Popolo, 973 - Chioggia (VE);30015;VE;0415533811;0415533810;commissariatochioggia@poliziadistato.it;SI;;45.2179;12.279
IESOLO;CITTA' METROPOLITANA DI VENEZIA;Veneto;Commissariato di P.S.;Commissariato Jesolo;Via Pietro Sassaro n. 1 - Jesolo (VE);30016;VE;0421385811;04213858210;comm.jesolo.ve@pecps.poliziadistato.it;SI;;45.5394;12.6327
PORTOGRUARO;CITTA' METROPOLITANA DI VENEZIA;Veneto;Commissariato di P.S.;Commissariato Portogruaro;Via Cimetta n.2 - Portogruaro (VE);30026;VE;0421284311;0421284309;comm.portogruaro.ve@pecps.poliziadistato.it;SI;;45.777;12.832
VENEZIA;CITTA' METROPOLITANA DI VENEZIA;Veneto;Commissariato di P.S.;Commissariato Mestre;Via Ca' Rossa  5 - Mestre (VE);30174;VE;0412692511;0412692554;comm.mestre.ve@pecps.poliziadistato.it;SI;;45.4971;12.2491
VENEZIA;CITTA' METROPOLITANA DI VENEZIA;Veneto;Commissariato di P.S.;Commissariato Mestre;Via Ca' Rossa  5 - Mestre (VE);30174;VE;0412692511;0412692554;comm.mestre.ve@pecps.poliziadistato.it;SI;;45.4971;12.2491
VENEZIA;CITTA' METROPOLITANA DI VENEZIA;Veneto;Commissariato di P.S.;Commissariato San Marco;Castello 5053, fondamenta san Lorenzo - Venezia;30100;VE;0412705511;0412705519;comm.sanmarco.ve@pecps.poliziadistato.it;SI;;45.4368;12.3442
VENEZIA;CITTA' METROPOLITANA DI VENEZIA;Veneto;Commissariato di P.S.;Commissariato San Marco;Castello 5053, fondamenta san Lorenzo - Venezia;30100;VE;0412705511;0412705519;comm.sanmarco.ve@pecps.poliziadistato.it;SI;;45.4368;12.3442
VENEZIA;CITTA' METROPOLITANA DI VENEZIA;Veneto;Commissariato di P.S.;Commissariato Venezia Marghera;Via Cosenz n.11 - Marghera (VE);30175;VE;0412580911;0412580944;comm.marghera@poliziadistato.it;SI;;45.4761;12.2298
VENEZIA;CITTA' METROPOLITANA DI VENEZIA;Veneto;Commissariato di P.S.;Commissariato Venezia Marghera;Via Cosenz n.11 - Marghera (VE);30175;VE;0412580911;0412580944;comm.marghera@poliziadistato.it;SI;;45.4761;12.2298
VENEZIA;CITTA' METROPOLITANA DI VENEZIA;Veneto;Questura;Questura Venezia;Sestiere di Santa Croce, 500;30100;VE;0412715511;0412715402-04;gab.quest.ve@pecps.poliziadistato.it;SI;http://questure.poliziadistato.it/Venezia;45.4403;12.322
VENEZIA;CITTA' METROPOLITANA DI VENEZIA;Veneto;Questura;Questura Venezia;Sestiere di Santa Croce, 500;30100;VE;0412715511;0412715402-04;gab.quest.ve@pecps.poliziadistato.it;SI;http://questure.poliziadistato.it/Venezia;45.4403;12.322
PADOVA;PADOVA;Veneto;Commissariato di P.S.;"Commissariato sezionale &quot;Stanga&quot;";P.zza Zanellato 8;35100;PD;049/8282411;049/8282490;;SI;;45.4104;11.9008
PADOVA;PADOVA;Veneto;Questura;Questura Padova;Piazzetta G. Palatucci, 5;35123;PD;049833111;049833255;gab.quest.pd@pecps.poliziadistato.it;SI;http://questure.poliziadistato.it/Padova;45.4029;11.8764
ADRIA;ROVIGO;Veneto;Commissariato di P.S.;Commissariato Adria;Via Giovanni  Palatucci, 1;45011;RO;0426948611;0426948690;comm.adria.ro@pecps.poliziadistato.it;SI;;45.0575;12.0654
PORTO TOLLE;ROVIGO;Veneto;Commissariato di P.S.;Commissariato Porto Tolle;Via Giacomo Matteotti n.345;45018;RO;0426394111;0426394109;comm.portotolle.ro@pecps.poliziadistato.it;SI;;44.9516;12.3332
ROVIGO;ROVIGO;Veneto;Questura;Questura Rovigo;Via Samuele Donatoni n.9;45100;RO;0425202511;0425202777;urp.quest.ro@pecps.poliziadistato.it;SI;http://questure.poliziadistato.it/Rovigo;45.0693;11.7881
CIVIDALE DEL FRIULI;UDINE;Friuli-Venezia Giulia;Commissariato di P.S.;Commissariato Cividale;Piazza Armando Diaz n.1;33043;UD;0432703046;;;SI;;46.0936;13.4287
TOLMEZZO;UDINE;Friuli-Venezia Giulia;Commissariato di P.S.;Commissariato Tolmezzo;Via Lequio n.16;33028;UD;0433483111;0433483120;;SI;;46.4039;13.0153
UDINE;UDINE;Friuli-Venezia Giulia;Questura;Questura Udine;Viale Venezia 31;33100;UD;0432413111;0432413777;urp.ud@poliziadistato.it;SI;http://questure.poliziadistato.it/Udine;46.0599;13.227
GORIZIA;GORIZIA;Friuli-Venezia Giulia;Questura;Questura Gorizia;Piazza Cavour n.8;34170;GO;0481595111;0481595500;urp.quest.go@pecps.poliziadistato.it;SI;http://questure.poliziadistato.it/Gorizia;45.9425;13.6251
MONFALCONE;GORIZIA;Friuli-Venezia Giulia;Commissariato di P.S.;Commissariato Monfalcone;Via Foscolo, 8;34074;GO;0481417111;;comm.monfalcone.go@pecps.poliziadistato.it;SI;;45.8049;13.5409
DUINO-AURISINA;TRIESTE;Friuli-Venezia Giulia;Commissariato di P.S.;Commissariato Duino Aurisina;Frazione Sistiana 19/B;34013;TS;0402907147;0402907147;comm.duinoaurisina.ts@pecps.poliziadistato.it;SI;;45.7689;13.6473
MUGGIA;TRIESTE;Friuli-Venezia Giulia;Commissariato di P.S.;Commissariato Muggia;Via G. D`Annunzio 5;34015;TS;0409278654;0409278654;comm.muggia.ts@pecps.poliziadistato.it;SI;;45.6018;13.7665
TRIESTE;TRIESTE;Friuli-Venezia Giulia;Commissariato di P.S.;Commissariato Trieste Opicina;Via Carsia 37;34146;TS;0402171811;0402171820;comm.villaopicina.ts@pecps.polizidistato.it;SI;;45.688;13.7783
TRIESTE;TRIESTE;Friuli-Venezia Giulia;Commissariato di P.S.;Commissariato Trieste Rozzol Melara;Via Robert Koch 8;34139;TS;0409148177;0409148177;comm.rozzolmelara.ts@pecps.poliziadistato.it;SI;;45.6413;13.8229
TRIESTE;TRIESTE;Friuli-Venezia Giulia;Commissariato di P.S.;Commissariato Trieste San Sabba;Via Mascagni 9;34148;TS;0408322111;0408322120;comm.sansabba.ts@pecps.poliziadistato.it;SI;;45.6222;13.8025
TRIESTE;TRIESTE;Friuli-Venezia Giulia;Questura;Questura Trieste;Via Tor Bandena 6;34121;TS;0403790111;0403790777;gab.quest.ts@pecps.poliziadistato.it;SI;http://questure.poliziadistato.it/Trieste;45.6497;13.7708
PIACENZA;PIACENZA;Emilia-Romagna;Questura;Questura Piacenza;Viale Malta, 10/C;29121;PC;0523397111;0523397777;;SI;http://questure.poliziadistato.it/Piacenza;45.0508;9.6857
PARMA;PARMA;Emilia-Romagna;Questura;Questura Parma;Borgo della Posta, 14;43100;PR;05212194;;;SI;http://questure.poliziadistato.it/Parma;44.7996;10.3323
REGGIO NELL'EMILIA;REGGIO EMILIA;Emilia-Romagna;Questura;Questura Reggio Emilia;Via Dante Alighieri n. 10;42121;RE;0522458711;0522458777;gab.quest.re@pecps.poliziadistato.it;SI;http://questure.poliziadistato.it/ReggioEmilia;44.6987;10.638
CARPI;MODENA;Emilia-Romagna;Commissariato di P.S.;Commissariato Carpi;Via Elsa Morante, 1;41012;MO;059/620911;059/620920;comm.carpi.mo@pecps.poliziadistato.it;SI;;44.7628;10.8758
MIRANDOLA;MODENA;Emilia-Romagna;Commissariato di P.S.;Commissariato Mirandola;Via Fulvia n.7;41037;MO;0535/613911;0535/613920;comm.mirandola.mo@pecps.poliziadistato.it;SI;;44.887;11.0682
MODENA;MODENA;Emilia-Romagna;Questura;Questura Modena;Via Giovanni Palatucci, 15;41122;MO;059/410411;;gab.quest.mo@pecps.poliziadistato.it;SI;http://questure.poliziadistato.it/Modena;44.6453;10.9498
SASSUOLO;MODENA;Emilia-Romagna;Commissariato di P.S.;Commissariato Sassuolo;Via Martiri delle Foibe s.n.c.;41049;MO;0536/987811;0536/987820;comm.sassuolo.mo@pecps.poliziadistato.it;SI;;44.5406;10.7938
BOLOGNA;CITTA' METROPOLITANA DI BOLOGNA;Emilia-Romagna;Commissariato di P.S.;Commissariato Bologna Santa Viola;Via R. Marchioni n.4;40133;BO;0516179911;;;SI;;44.4944;11.2866
BOLOGNA;CITTA' METROPOLITANA DI BOLOGNA;Emilia-Romagna;Commissariato di P.S.;Commissariato Bolognina Pontevecchio;Via Lombardia 35;40139;BO;0516246911;;;SI;;44.4763;11.3796
BOLOGNA;CITTA' METROPOLITANA DI BOLOGNA;Emilia-Romagna;Commissariato di P.S.;"Commissariato &quot;Due Torri San Francesco&quot;";Via del Pratello,21;40122;BO;0516560811;;;SI;;44.4964;11.3314
BOLOGNA;CITTA' METROPOLITANA DI BOLOGNA;Emilia-Romagna;Questura;Questura Bologna;Piazza Galileo Galilei, 7;40123;BO;0516401111;0516401777;urp.quest.bo@pecps.poliziadistato.it;SI;http://questure.poliziadistato.it/Bologna;44.4936;11.3408
IMOLA;CITTA' METROPOLITANA DI BOLOGNA;Emilia-Romagna;Commissariato di P.S.;Commissariato Imola;Via Mazzini, 42;40026;BO;0542619911;;;SI;;44.353;11.7138
SAN GIOVANNI IN PERSICETO;CITTA' METROPOLITANA DI BOLOGNA;Emilia-Romagna;Commissariato di P.S.;Commissariato San Giovanni in Persiceto;Piazza del Popolo n.24;40017;BO;0516811811;;;SI;;44.6388;11.1873
FERRARA;FERRARA;Emilia-Romagna;Questura;Questura Ferrara;Corso Ercole I d'Este n.26;44121;FE;0532-294311;0532-294777;urp.quest.fe@pecps.poliziadistato.it;SI;http://questure.poliziadistato.it/Ferrara;44.8416;11.6212
FAENZA;RAVENNA;Emilia-Romagna;Commissariato di P.S.;Commissariato Faenza;Via San Silvestro, 19;48018;RA;0546697911;0546697920;comm.faenza.ra@pecps.poliziadistato.it;SI;;44.2902;11.8798
LUGO;RAVENNA;Emilia-Romagna;Commissariato di P.S.;Commissariato Lugo di Romagna;Via Tommaso Emaldi, 23;48022;RA;0545904811;0545904820;comm.lugo.ra@pecps.poliziadistato.it;SI;;44.4182;11.9074
RAVENNA;RAVENNA;Emilia-Romagna;Questura;Questura Ravenna;Viale Enrico Berlinguer, 20;48124;RA;0544294111;0544294777;gab.quest.ra@pecps.poliziadistato.it;SI;http://questure.poliziadistato.it/Ravenna;44.4029;12.1947
CESENA;FORLI';Emilia-Romagna;Commissariato di P.S.;Commissariato Cesena;Via Don Minzoni, 350;47521;FO;0547 368911;0547 368920;comm.cesena.fc@pecps.poliziadistato.it;SI;;44.1318;12.2483
FORLI';FORLI';Emilia-Romagna;Questura;Questura Forl  Cesena;Corso Garibaldi, 173;47121;FO;0543 719111;0543 719777;urp.quest.fc@pecps.poliziadistato.it;SI;http://questure.poliziadistato.it/ForliCesena;44.2245;12.0342
FANO;PESARO E URBINO;Marche;Commissariato di P.S.;Commissariato Fano;Via Costituzione n.1;61032;PS;072183351;;;SI;;43.8382;13.0105
PESARO;PESARO E URBINO;Marche;Questura;Questura Pesaro Urbino;Via Giordano Bruno n.7;61121;PS;0721386111;;urp.quest.pu@pecps.poliziadistato.it;SI;http://questure.poliziadistato.it/PesaroUrbino;43.9084;12.912
URBINO;PESARO E URBINO;Marche;Commissariato di P.S.;Commissariato Urbino;Borgo Mercatale n.15;61029;PS;072235181;;;SI;;43.7243;12.6344
ANCONA;ANCONA;Marche;Questura;Questura Ancona;Via G. Gervasoni n.19;60129;AN;07122881;;urp.quest.an@pecps.poliziadistato.it;SI;http://questure.poliziadistato.it/Ancona;43.6085;13.5193
FABRIANO;ANCONA;Marche;Commissariato di P.S.;Commissariato Fabriano;Via Dante n.21;60044;AN;073223211;;;SI;;43.3388;12.9091
JESI;ANCONA;Marche;Commissariato di P.S.;Commissariato Jesi;Via Montello n.3;60035;AN;073121831;;;SI;;43.52;13.2378
OSIMO;ANCONA;Marche;Commissariato di P.S.;Commissariato Osimo;Piazza Marconi n.7;60027;AN;071723961;;;SI;;43.4861;13.4844
SENIGALLIA;ANCONA;Marche;Commissariato di P.S.;Commissariato Senigallia;Via Rosmini;60019;AN;071791061;;;SI;;43.7054;13.2167
CIVITANOVA MARCHE;MACERATA;Marche;Commissariato di P.S.;Commissariato Civitanova Marche;Via G. D`Annunzio,14/16;62012;MC;0733825011;;comm.civitanovamarche.mc@pecps.poliziadistato.it;SI;;43.3052;13.7216
MACERATA;MACERATA;Marche;Questura;Questura Macerata;Piazza della Libert , 15;62100;MC;073325411;;urp.quest.mc@pecps.poliziadistato.it;SI;http://questure.poliziadistato.it/Macerata;43.3004;13.4541
ASCOLI PICENO;ASCOLI PICENO;Marche;Questura;Questura Ascoli Piceno;Viale della Repubblica n.8;63100;AP;0736291111;;gab.quest.ap@pecps.poliziadistato.it;SI;http://questure.poliziadistato.it/AscoliPiceno;42.8531;13.5989
SAN BENEDETTO DEL TRONTO;ASCOLI PICENO;Marche;Commissariato di P.S.;Commissariato San Benedetto del Tronto;Via Francesco  Crispi n.51;63039;AP;0735-59071;;commissariatosanbenedetto.ap@poliziadistato.it;SI;;42.9502;13.8808
CARRARA;MASSA-CARRARA;Toscana;Commissariato di P.S.;Commissariato Carrara;Piazza 2  Giugno n.17;54033;MS;0585-76351;0585-7635230;comm.carrara.ms@pecps.poliziadistato.it;SI;;44.0773;10.0968
MASSA;MASSA-CARRARA;Toscana;Questura;Questura Massa Carrara;Via del Patriota n.1;54100;MS;0585-4941;0585-494595;urp.quest.ms@pecps.poliziadistato.it;SI;http://questure.poliziadistato.it/MassaCarrara;44.0331;10.1391
LUCCA;LUCCA;Toscana;Questura;Questura Lucca;Via Cavour n.120;55100;LU;0583/4551;0583/455474;gab.quest.lu@pecps.poliziadistato.it;SI;http://questure.poliziadistato.it/Lucca;43.8376;10.5053
VIAREGGIO;LUCCA;Toscana;Commissariato di P.S.;Commissariato Viareggio;Via Fratelli Cervi n.32;55049;LU;0584/42741;0584/4274242;comm.viareggio.lu@pecps.poliziadistato.it;SI;;43.8745;10.2554
MONTECATINI-TERME;PISTOIA;Toscana;Commissariato di P.S.;Commissariato Montecatini Terme;Viale Giacomo Puccini, 65;51016;PT;057292861;0572928637;comm.montecatiniterme.pt@pecps.poliziadistato.it;SI;;43.887;10.77
PESCIA;PISTOIA;Toscana;Commissariato di P.S.;Commissariato Pescia;Via Galeotti n.87;51017;PT;057249411;0572491200;comm.pescia.pt@pecps.poliziadistato.it;SI;;43.892;10.6879
PISTOIA;PISTOIA;Toscana;Questura;Questura Pistoia;Viale Macall , 23;51100;PT;05739706;0573970777;;SI;http://questure.poliziadistato.it/Pistoia;43.9295;10.9037
EMPOLI;CITTA' METROPOLITANA DI FIRENZE;Toscana;Commissariato di P.S.;Commissariato Empoli;Piazza Gramsci n.46;50053;FI;0571/53.21.11;0571/53.21.208;;SI;;43.7208;10.9496
FIRENZE;CITTA' METROPOLITANA DI FIRENZE;Toscana;Commissariato di P.S.;Commissariato Firenze Oltrarno;Piazza del Tiratoio n.6;50124;FI;055/49.77.499;055/49.77.494;Commissariato_oltrarno.fi@poliziadistato.it;SI;;43.7705;11.2425
FIRENZE;CITTA' METROPOLITANA DI FIRENZE;Toscana;Commissariato di P.S.;Commissariato Firenze Rifredi-Peretola;Via Sgambati, 21;50127;FI;055/49.77.777;055/49.77.732;Commissariato_rifredi.fi@poliziadistato.it;SI;;43.7971;11.2054
FIRENZE;CITTA' METROPOLITANA DI FIRENZE;Toscana;Commissariato di P.S.;Commissariato Firenze San Giovanni;Via Pietrapiana, 50/R;50122;FI;055/20.39.11;055/20.39.13.70;comm.sangiovanni.fi@pecps.poliziadistato.it;SI;;43.7714;11.2647
FIRENZE;CITTA' METROPOLITANA DI FIRENZE;Toscana;Questura;Questura Firenze;Via Zara, 2;50100;FI;055/49.771 - U.R.P. 055.4977602/3;055/49.77.616;questore.fi@poliziadistato.it;SI;http://questure.poliziadistato.it/Firenze;43.7819;11.259
SESTO FIORENTINO;CITTA' METROPOLITANA DI FIRENZE;Toscana;Commissariato di P.S.;Commissariato Sesto Fiorentino;Via Gramsci, 522;50019;FI;055/44.92.51;055/44.92.52.28;Commissariato_sestofiorentino.fi@poliziadistato.it;SI;;43.8301;11.2083
CECINA;LIVORNO;Toscana;Commissariato di P.S.;Commissariato Cecina;Corso Matteotti n.313;57023;LI;0586632911;0586632929;comm.cecina.li@pecps.poliziadistato.it;SI;;43.3054;10.5205
LIVORNO;LIVORNO;Toscana;Questura;Questura Livorno;Via Fiume, 40;57123;LI;0586235111;;gab.quest.li@pecps.poliziadistato.it;SI;http://questure.poliziadistato.it/Livorno;43.551;10.307
PIOMBINO;LIVORNO;Toscana;Commissariato di P.S.;Commissariato Piombino;Via Ferrer n.48;57025;LI;0565229511;0565229550;commissariatopiombino.li@poliziadistato.it;SI;;42.9236;10.5296
PORTOFERRAIO;LIVORNO;Toscana;Commissariato di P.S.;Commissariato Portoferraio;Viale Manzoni, 6;57037;LI;0565919511;0565919532;comm.portoferraio.li@pecps.poliziadistato.it;SI;;42.8149;10.3247
ROSIGNANO MARITTIMO;LIVORNO;Toscana;Commissariato di P.S.;Commissariato Rosignano Solvay;Via Aurelia n.339;57013;LI;0586769811;0586769822;comm.rosignano.li@pecps.poliziadistato.it;SI;;43.3898;10.4364
PISA;PISA;Toscana;Questura;Questura Pisa;Via Lalli n. 3;56100;PI;+39 050583511;+39 050583633;urp.quest.pi@pecps.poliziadistato.it;SI;http://questure.poliziadistato.it/Pisa;43.7175;10.4073
PONTEDERA;PISA;Toscana;Commissariato di P.S.;Commissariato Pontedera;Piazza Trieste n. 15-17;56025;PI;+39 058721001;;;SI;;43.6646;10.6427
VOLTERRA;PISA;Toscana;Commissariato di P.S.;Commissariato Volterra;Piazza dei Priori n. 12;56084;PI;+39 05889201;+39 058892020;;SI;;43.4022;10.8594
AREZZO;AREZZO;Toscana;Questura;Questura Arezzo;Via Filippo Lippi snc;52100;AR;05754001;0575400477;gab.quest.ar@pecps.poliziadistato.it;SI;http://questure.poliziadistato.it/Arezzo;43.4645;11.8728
MONTEVARCHI;AREZZO;Toscana;Commissariato di P.S.;Commissariato Montevarchi;Viale A. Diaz n.147;52025;AR;055910401;05591040206;;SI;;43.5286;11.566
SANSEPOLCRO;AREZZO;Toscana;Commissariato di P.S.;Commissariato San Sepolcro;Via dei Lorena n.50;52037;AR;057574321;0575743220;;SI;;43.5722;12.1325
CHIUSI;SIENA;Toscana;Commissariato di P.S.;Commissariato Chiusi Chianciano;Via Cassia Aurelia Prima, 12;53044;SI;057822461;0578224640;comm.chiusi.si@pecps.poliziadistato.it;SI;;43.0155;11.9426
POGGIBONSI;SIENA;Toscana;Commissariato di P.S.;Commissariato Poggibonsi;Piazza Fratelli Rosselli n.4;53036;SI;0577984511;0577984510;comm.poggibonsi.si@pecps.poliziadistato.it;SI;;43.4683;11.1468
SIENA;SIENA;Toscana;Questura;Questura Siena;Via del Castoro n.6;53100;SI;0577201111- URP 0577201602;0577201777;questore.si@poliziadistato.it, urp.quest.si@pecps.poliziadistato.it;SI;http://questure.poliziadistato.it/Siena;43.317;11.3302
GROSSETO;GROSSETO;Toscana;Questura;Questura Grosseto;Piazza Giovanni Palatucci 1;58100;GR;0564-433111/399111;0564-433777;gab.quest.gr@pecps.poliziadistato.it;SI;http://questure.poliziadistato.it/Grosseto;42.7781;11.1106
ASSISI;PERUGIA;Umbria;Commissariato di P.S.;Commissariato Assisi;Piazza Santa Chiara n.3;06081;PG;075819091;;;SI;;43.0695;12.6165
CITTA' DI CASTELLO;PERUGIA;Umbria;Commissariato di P.S.;Commissariato Citt  di Castello;Via R. Morandi n. 37;06012;PG;0758628811;;;SI;;43.4814;12.2208
FOLIGNO;PERUGIA;Umbria;Commissariato di P.S.;Commissariato Foligno;Via Garibaldi n. 155;06034;PG;0742346511;;;SI;;42.9583;12.7085
PANICALE;PERUGIA;Umbria;Questura;Questura_test;Via col vento;06064;PG;1234567890;123456780;polstradasottsez.pontsaintmartin.ao@poliziadistato.it;SI;http://questure.poliziadistato.it/_test;41.2117;12.0
PERUGIA;PERUGIA;Umbria;Questura;Questura Perugia;Via del Tabacchificio, 21;06100;PG;07550621;0755062777;urp.quest.pg@pecps.poliziadistato.it;SI;http://questure.poliziadistato.it/Perugia;43.1082;12.363
SPOLETO;PERUGIA;Umbria;Commissariato di P.S.;Commissariato Spoleto;Viale Guglielmo Marconi, 5;06049;PG;074323241;0743232446;comm.spoleto.pg@pecps.poliziadistato.it;SI;;42.7465;12.7366
ORVIETO;TERNI;Umbria;Commissariato di P.S.;Commissariato Orvieto;Piazza Cahen, 10;05018;TR;076339211;;comm.orvieto.tr@pecps.poliziadistato.it;SI;;42.722;12.1194
TERNI;TERNI;Umbria;Questura;Questura Terni;Via Roberto Antiochia n.12;05100;TR;07444801;0744480666;urp.quest.tr@pecps.poliziadistato.it;SI;http://questure.poliziadistato.it/Terni;42.5626;12.6548
TARQUINIA;VITERBO;Lazio;Commissariato di P.S.;Commissariato Tarquinia;Piazza Trento e Trieste n.5;01016;VT;076685401;;;SI;;42.2543;11.7582
VITERBO;VITERBO;Lazio;Questura;Questura Viterbo;Via Maresciallo Mariano Romiti, 16;01100;VT;07613341;0761334777;;SI;http://questure.poliziadistato.it/Viterbo;42.4116;12.1102
RIETI;RIETI;Lazio;Questura;Questura Rieti;Largo Claudio Graziosi n. 3;02100;RI;07462991;0746299561;gab.quest.ri@pecps.poliziadistato.it;SI;http://questure.poliziadistato.it/Rieti;42.4006;12.8506
ALBANO LAZIALE;CITTA' METROPOLITANA DI ROMA CAPITALE;Lazio;Commissariato di P.S.;Commissariato Albano Laziale;Borgo Garibaldi n.7;00041;RM;069326831;;;SI;;41.726;12.6617
ANZIO;CITTA' METROPOLITANA DI ROMA CAPITALE;Lazio;Commissariato di P.S.;Commissariato Anzio - Nettuno;Via Antium nr.3;00042;RM;069867091;;;SI;;41.4622;12.6269
CIVITAVECCHIA;CITTA' METROPOLITANA DI ROMA CAPITALE;Lazio;Commissariato di P.S.;Commissariato Civitavecchia;Via Ruggero Giovannelli, 4;00049;RM;076658341;;;SI;;42.0879;11.7977
COLLEFERRO;CITTA' METROPOLITANA DI ROMA CAPITALE;Lazio;Commissariato di P.S.;Commissariato Colleferro;Via Casilina Km. 50.200;00034;RM;069720231;;;SI;;41.7322;13.0066
FRASCATI;CITTA' METROPOLITANA DI ROMA CAPITALE;Lazio;Commissariato di P.S.;Commissariato Frascati;Via Sciadonna n.24/26;00044;RM;069428671;;;SI;;41.8122;12.6806
GENZANO DI ROMA;CITTA' METROPOLITANA DI ROMA CAPITALE;Lazio;Commissariato di P.S.;Commissariato Genzano;Via Chatillon, 2;00045;RM;069395681;;;SI;;41.7082;12.6854
MARINO;CITTA' METROPOLITANA DI ROMA CAPITALE;Lazio;Commissariato di P.S.;Commissariato Marino;Piazza Don Luigi Sturzo, 23;00047;RM;069380901;;;SI;;41.7741;12.6705
MARINO;CITTA' METROPOLITANA DI ROMA CAPITALE;Lazio;Commissariato di P.S.;Commissariato Marino;Piazza Don Luigi Sturzo, 23;00047;RM;069380901;;;SI;;41.7741;12.6705
MARINO;CITTA' METROPOLITANA DI ROMA CAPITALE;Lazio;Commissariato di P.S.;Commissariato Marino;Piazza Don Luigi Sturzo, 23;00047;RM;069380901;;;SI;;41.7741;12.6705
ROMA;CITTA' METROPOLITANA DI ROMA CAPITALE;Lazio;Commissariato di P.S.;Commissariato Appio Nuovo XI;Via G. Botero n.57;00179;RM;067846971;;;SI;;41.8703;12.5253
ROMA;CITTA' METROPOLITANA DI ROMA CAPITALE;Lazio;Commissariato di P.S.;Commissariato Appio Nuovo XI;Via G. Botero n.57;00179;RM;067846971;;;SI;;41.8703;12.5253
ROMA;CITTA' METROPOLITANA DI ROMA CAPITALE;Lazio;Commissariato di P.S.;Commissariato Aurelio XVIII;Via Aurelia n.660;00165;RM;066650021;;comm.aurelio.rm@pecps.poliziadistato.it;SI;;41.8878;12.4047
ROMA;CITTA' METROPOLITANA DI ROMA CAPITALE;Lazio;Commissariato di P.S.;Commissariato Aurelio XVIII;Via Aurelia n.660;00165;RM;066650021;;comm.aurelio.rm@pecps.poliziadistato.it;SI;;41.8878;12.4047
ROMA;CITTA' METROPOLITANA DI ROMA CAPITALE;Lazio;Commissariato di P.S.;Commissariato Borgo XVIII;Piazza Cavour n.3;00193;RM;066819141;;;SI;;41.9057;12.4695
ROMA;CITTA' METROPOLITANA DI ROMA CAPITALE;Lazio;Commissariato di P.S.;Commissariato Borgo XVIII;Piazza Cavour n.3;00193;RM;066819141;;;SI;;41.9057;12.4695
ROMA;CITTA' METROPOLITANA DI ROMA CAPITALE;Lazio;Commissariato di P.S.;Commissariato Casilino Nuovo VIII;Via delle Alzavole n.47;00169;RM;062325911;;;SI;;41.8739;12.6009
ROMA;CITTA' METROPOLITANA DI ROMA CAPITALE;Lazio;Commissariato di P.S.;Commissariato Casilino Nuovo VIII;Via delle Alzavole n.47;00169;RM;062325911;;;SI;;41.8739;12.6009
ROMA;CITTA' METROPOLITANA DI ROMA CAPITALE;Lazio;Commissariato di P.S.;Commissariato Castro Pretorio I;Via Toscana, 5;00187;RM;064200801;;;SI;;41.9087;12.4916
ROMA;CITTA' METROPOLITANA DI ROMA CAPITALE;Lazio;Commissariato di P.S.;Commissariato Castro Pretorio I;Via Toscana, 5;00187;RM;064200801;;;SI;;41.9087;12.4916
ROMA;CITTA' METROPOLITANA DI ROMA CAPITALE;Lazio;Commissariato di P.S.;Commissariato Celio I;Via Marco Aurelio n.35;00184;RM;067726991;;;SI;;41.8882;12.4954
ROMA;CITTA' METROPOLITANA DI ROMA CAPITALE;Lazio;Commissariato di P.S.;Commissariato Celio I;Via Marco Aurelio n.35;00184;RM;067726991;;;SI;;41.8882;12.4954
ROMA;CITTA' METROPOLITANA DI ROMA CAPITALE;Lazio;Commissariato di P.S.;Commissariato Cristoforo Colombo XI;Via Giovanni Maria Percoto, 8;00154;RM;065130121;;;SI;;41.8656;12.4918
ROMA;CITTA' METROPOLITANA DI ROMA CAPITALE;Lazio;Commissariato di P.S.;Commissariato Cristoforo Colombo XI;Via Giovanni Maria Percoto, 8;00154;RM;065130121;;;SI;;41.8656;12.4918
ROMA;CITTA' METROPOLITANA DI ROMA CAPITALE;Lazio;Commissariato di P.S.;Commissariato Esposizione XII;Viale Asia n.32;00144;RM;065439381;;;SI;;41.8317;12.471
ROMA;CITTA' METROPOLITANA DI ROMA CAPITALE;Lazio;Commissariato di P.S.;Commissariato Esposizione XII;Viale Asia n.32;00144;RM;065439381;;;SI;;41.8317;12.471
ROMA;CITTA' METROPOLITANA DI ROMA CAPITALE;Lazio;Commissariato di P.S.;Commissariato Flaminio Nuovo XX;Piazza Manfredi Azzarita, 1;00189;RM;063325811;;;SI;;41.961;12.4467
ROMA;CITTA' METROPOLITANA DI ROMA CAPITALE;Lazio;Commissariato di P.S.;Commissariato Flaminio Nuovo XX;Piazza Manfredi Azzarita, 1;00189;RM;063325811;;;SI;;41.961;12.4467
ROMA;CITTA' METROPOLITANA DI ROMA CAPITALE;Lazio;Commissariato di P.S.;Commissariato Lido XIII;Viale Giuseppe Genoese Zerbi n.98;00122;RM;065636011;;;SI;;41.7375;12.2927
ROMA;CITTA' METROPOLITANA DI ROMA CAPITALE;Lazio;Commissariato di P.S.;Commissariato Lido XIII;Viale Giuseppe Genoese Zerbi n.98;00122;RM;065636011;;;SI;;41.7375;12.2927
ROMA;CITTA' METROPOLITANA DI ROMA CAPITALE;Lazio;Commissariato di P.S.;Commissariato Monte Mario XIX;Via Guido Alessi n.19;00136;RM;063540811;;;SI;;41.9233;12.4466
ROMA;CITTA' METROPOLITANA DI ROMA CAPITALE;Lazio;Commissariato di P.S.;Commissariato Monte Mario XIX;Via Guido Alessi n.19;00136;RM;063540811;;;SI;;41.9233;12.4466
ROMA;CITTA' METROPOLITANA DI ROMA CAPITALE;Lazio;Commissariato di P.S.;Commissariato Monteverde XVI;Via Felice Cavallotti n.72;00152;RM;065839131;;;SI;;41.8822;12.4623
ROMA;CITTA' METROPOLITANA DI ROMA CAPITALE;Lazio;Commissariato di P.S.;Commissariato Monteverde XVI;Via Felice Cavallotti n.72;00152;RM;065839131;;;SI;;41.8822;12.4623
ROMA;CITTA' METROPOLITANA DI ROMA CAPITALE;Lazio;Commissariato di P.S.;Commissariato Porta Pia III;Via Forl  n.26;00161;RM;064417131;;;SI;;41.91;12.5151
ROMA;CITTA' METROPOLITANA DI ROMA CAPITALE;Lazio;Commissariato di P.S.;Commissariato Porta Pia III;Via Forl  n.26;00161;RM;064417131;;;SI;;41.91;12.5151
ROMA;CITTA' METROPOLITANA DI ROMA CAPITALE;Lazio;Commissariato di P.S.;Commissariato Porta San Giovanni IX;Via Casalmonferrato n.25;00182;RM;067039021;;;SI;;41.881;12.5189
ROMA;CITTA' METROPOLITANA DI ROMA CAPITALE;Lazio;Commissariato di P.S.;Commissariato Porta San Giovanni IX;Via Casalmonferrato n.25;00182;RM;067039021;;;SI;;41.881;12.5189
ROMA;CITTA' METROPOLITANA DI ROMA CAPITALE;Lazio;Commissariato di P.S.;Commissariato Prenestino VII;Via R. Le Petit n.99/C;00155;RM;06227231;;;SI;;41.8877;12.5842
ROMA;CITTA' METROPOLITANA DI ROMA CAPITALE;Lazio;Commissariato di P.S.;Commissariato Prenestino VII;Via R. Le Petit n.99/C;00155;RM;06227231;;;SI;;41.8877;12.5842
ROMA;CITTA' METROPOLITANA DI ROMA CAPITALE;Lazio;Commissariato di P.S.;Commissariato Primavalle XIX;Via Luigi Maglione n.9/11;00168;RM;06355731;;;SI;;41.9231;12.415
ROMA;CITTA' METROPOLITANA DI ROMA CAPITALE;Lazio;Commissariato di P.S.;Commissariato Primavalle XIX;Via Luigi Maglione n.9/11;00168;RM;06355731;;;SI;;41.9231;12.415
ROMA;CITTA' METROPOLITANA DI ROMA CAPITALE;Lazio;Commissariato di P.S.;Commissariato RAI;Viale Giuseppe Mazzini, 14;00195;RM;0636864817;;;SI;;41.9156;12.4619
ROMA;CITTA' METROPOLITANA DI ROMA CAPITALE;Lazio;Commissariato di P.S.;Commissariato RAI;Viale Giuseppe Mazzini, 14;00195;RM;0636864817;;;SI;;41.9156;12.4619
ROMA;CITTA' METROPOLITANA DI ROMA CAPITALE;Lazio;Commissariato di P.S.;Commissariato Romanina;Via Orazio Raimondo 36;00100;RM;067264021;;;SI;;41.8485;12.5977
ROMA;CITTA' METROPOLITANA DI ROMA CAPITALE;Lazio;Commissariato di P.S.;Commissariato Romanina;Via Orazio Raimondo 36;00100;RM;067264021;;;SI;;41.8485;12.5977
ROMA;CITTA' METROPOLITANA DI ROMA CAPITALE;Lazio;Commissariato di P.S.;Commissariato Salario Parioli II;Via Guido D` Arezzo n.22;00198;RM;068440221;;;SI;;41.9215;12.4924
ROMA;CITTA' METROPOLITANA DI ROMA CAPITALE;Lazio;Commissariato di P.S.;Commissariato Salario Parioli II;Via Guido D` Arezzo n.22;00198;RM;068440221;;;SI;;41.9215;12.4924
ROMA;CITTA' METROPOLITANA DI ROMA CAPITALE;Lazio;Commissariato di P.S.;Commissariato San Basilio V;Via Maurizio Arena, 7;00137;RM;068208081;;;SI;;41.7416;12.4624
ROMA;CITTA' METROPOLITANA DI ROMA CAPITALE;Lazio;Commissariato di P.S.;Commissariato San Basilio V;Via Maurizio Arena, 7;00137;RM;068208081;;;SI;;41.7416;12.4624
ROMA;CITTA' METROPOLITANA DI ROMA CAPITALE;Lazio;Commissariato di P.S.;Commissariato San Lorenzo III;Piazzale del Verano n.11;00185;RM;064474031;;;SI;;41.9011;12.5184
ROMA;CITTA' METROPOLITANA DI ROMA CAPITALE;Lazio;Commissariato di P.S.;Commissariato San Lorenzo III;Piazzale del Verano n.11;00185;RM;064474031;;;SI;;41.9011;12.5184
ROMA;CITTA' METROPOLITANA DI ROMA CAPITALE;Lazio;Commissariato di P.S.;Commissariato San Paolo XV;Via Portuense, 183;00183;RM;0655501;;;SI;;41.8721;12.4673
ROMA;CITTA' METROPOLITANA DI ROMA CAPITALE;Lazio;Commissariato di P.S.;Commissariato San Paolo XV;Via Portuense, 183;00183;RM;0655501;;;SI;;41.8721;12.4673
ROMA;CITTA' METROPOLITANA DI ROMA CAPITALE;Lazio;Commissariato di P.S.;Commissariato Sant`Ippolito V;Via di Villa Ricotti n.40;00161;RM;06441131;;;SI;;41.9153;12.5198
ROMA;CITTA' METROPOLITANA DI ROMA CAPITALE;Lazio;Commissariato di P.S.;Commissariato Sant`Ippolito V;Via di Villa Ricotti n.40;00161;RM;06441131;;;SI;;41.9153;12.5198
ROMA;CITTA' METROPOLITANA DI ROMA CAPITALE;Lazio;Commissariato di P.S.;Commissariato Spinaceto;Via dei Caduti nella Guerra di Liberazione, 360;00128;RM;065077501;;comm.spinaceto.rm@pecps.poliziadistato.it;SI;;41.7867;12.4443
ROMA;CITTA' METROPOLITANA DI ROMA CAPITALE;Lazio;Commissariato di P.S.;Commissariato Spinaceto;Via dei Caduti nella Guerra di Liberazione, 360;00128;RM;065077501;;comm.spinaceto.rm@pecps.poliziadistato.it;SI;;41.7867;12.4443
ROMA;CITTA' METROPOLITANA DI ROMA CAPITALE;Lazio;Commissariato di P.S.;Commissariato Tor Carbone;Via di Grotta Perfetta, 635;00142;RM;06510531;;;SI;;41.8405;12.5018
ROMA;CITTA' METROPOLITANA DI ROMA CAPITALE;Lazio;Commissariato di P.S.;Commissariato Tor Carbone;Via di Grotta Perfetta, 635;00142;RM;06510531;;;SI;;41.8405;12.5018
ROMA;CITTA' METROPOLITANA DI ROMA CAPITALE;Lazio;Commissariato di P.S.;Commissariato Torpignattara VI;Via G. Dall` Oro n.14;00177;RM;062456011;;;SI;;41.8766;12.5502
ROMA;CITTA' METROPOLITANA DI ROMA CAPITALE;Lazio;Commissariato di P.S.;Commissariato Torpignattara VI;Via G. Dall` Oro n.14;00177;RM;062456011;;;SI;;41.8766;12.5502
ROMA;CITTA' METROPOLITANA DI ROMA CAPITALE;Lazio;Commissariato di P.S.;Commissariato Trastevere I;Via San Francesco Ripa n.64;00153;RM;065839141;;;SI;;41.886;12.4725
ROMA;CITTA' METROPOLITANA DI ROMA CAPITALE;Lazio;Commissariato di P.S.;Commissariato Trastevere I;Via San Francesco Ripa n.64;00153;RM;065839141;;;SI;;41.886;12.4725
ROMA;CITTA' METROPOLITANA DI ROMA CAPITALE;Lazio;Commissariato di P.S.;Commissariato Tuscolano X;Via Marco V. Corvo n.34/A;00174;RM;067698011;;;SI;;41.8577;12.5582
ROMA;CITTA' METROPOLITANA DI ROMA CAPITALE;Lazio;Commissariato di P.S.;Commissariato Tuscolano X;Via Marco V. Corvo n.34/A;00174;RM;067698011;;;SI;;41.8577;12.5582
ROMA;CITTA' METROPOLITANA DI ROMA CAPITALE;Lazio;Commissariato di P.S.;Commissariato Vescovio II;Via Acherusio n.87;00199;RM;0686220321;;;SI;;41.9279;12.513
ROMA;CITTA' METROPOLITANA DI ROMA CAPITALE;Lazio;Commissariato di P.S.;Commissariato Vescovio II;Via Acherusio n.87;00199;RM;0686220321;;;SI;;41.9279;12.513
ROMA;CITTA' METROPOLITANA DI ROMA CAPITALE;Lazio;Commissariato di P.S.;Commissariato Villa Glori II;Via Guidubaldo del Monte n.52/A;00197;RM;068091081;;;SI;;41.9118;12.4864
ROMA;CITTA' METROPOLITANA DI ROMA CAPITALE;Lazio;Commissariato di P.S.;Commissariato Villa Glori II;Via Guidubaldo del Monte n.52/A;00197;RM;068091081;;;SI;;41.9118;12.4864
ROMA;CITTA' METROPOLITANA DI ROMA CAPITALE;Lazio;Questura;Questura Roma;Via San Vitale 15;00184;RM;0646861;;urp.quest.rm@pecps.poliziadistato.it - urp.rm@poliziadistato.it;SI;http://questure.poliziadistato.it/Roma;41.8959;12.4891
ROMA;CITTA' METROPOLITANA DI ROMA CAPITALE;Lazio;Questura;Questura Roma;Via San Vitale 15;00184;RM;0646861;;urp.quest.rm@pecps.poliziadistato.it - urp.rm@poliziadistato.it;SI;http://questure.poliziadistato.it/Roma;41.8959;12.4891
TIVOLI;CITTA' METROPOLITANA DI ROMA CAPITALE;Lazio;Commissariato di P.S.;Commissariato Tivoli - Guidonia;Largo Salvo D`Acquisto, 20;00198;RM;077431941;;;SI;;41.9609;12.7989
VELLETRI;CITTA' METROPOLITANA DI ROMA CAPITALE;Lazio;Commissariato di P.S.;Commissariato Velletri;Via Ruggero Giovannelli n.4;00049;RM;069613941;;;SI;;41.6997;12.677
FIUMICINO;CITTA' METROPOLITANA DI ROMA CAPITALE;Lazio;Commissariato di P.S.;Commissariato Fiumicino;Via Portuense 2466;00054;RM;066504201;;;SI;;41.7728;12.2413
CISTERNA DI LATINA;LATINA;Lazio;Commissariato di P.S.;Commissariato Cisterna;Via Benedetto Croce, 7B;04012;LT;069602081;;comm.cisterna.lt@pecps.poliziadistato.it;SI;;41.593;12.8272
FONDI;LATINA;Lazio;Commissariato di P.S.;Commissariato Fondi;Via Francesco Evangelista, 5;04022;LT;077150681;07715068232;comm.fondi.lt@pecps.poliziadistato.it;SI;;41.3516;13.4364
FORMIA;LATINA;Lazio;Commissariato di P.S.;Commissariato Formia;Via Olivastro Spaventola, snc;04023;LT;077132181;07713218201;comm.formia.lt@pecps.poliziadistato.it;SI;;41.2707;13.6304
GAETA;LATINA;Lazio;Commissariato di P.S.;Commissariato Gaeta;Via Roma, 8;04024;LT;077145091;07714509220;comm.gaeta.lt@pecps.poliziadistato.it;SI;;41.2114;13.5654
LATINA;LATINA;Lazio;Questura;Questura Latina;Corso della Repubblica, 110;04100;LT;07736591;0773659677;urp.quest.lt@pecps.poliziadistato.it;SI;http://questure.poliziadistato.it/Latina;41.4691;12.9033
TERRACINA;LATINA;Lazio;Commissariato di P.S.;Commissariato Terracina;Via Petrarca, 14;04019;LT;077372281;07737228238;comm.terracina.lt@pecps.poliziadistato.it;SI;;41.2858;13.2496
CASSINO;FROSINONE;Lazio;Commissariato di P.S.;Commissariato Cassino;Via Ausonia Vecchia nr. 25 A;03043;FR;077632881;;comm.cassino.fr@pecps.poliziadistato.it;SI;;41.4915;13.8335
FIUGGI;FROSINONE;Lazio;Commissariato di P.S.;Commissariato Fiuggi;Via Prenestina n.56;03015;FR;077554981;0775549823;comm.fiuggi.fr@pecps.poliziadistato.it;SI;;41.48;13.13
FROSINONE;FROSINONE;Lazio;Questura;Questura Frosinone;Via Vado del Tufo 67/A;03100;FR;centralino - 07752181;0775218777;urp.fr@poliziadistato.it;SI;http://questure.poliziadistato.it/Frosinone;41.6427;13.3371
SORA;FROSINONE;Lazio;Commissariato di P.S.;Commissariato Sora;Via Firenze n.15;03039;FR;077682191;0776821922;comm.sora.fr@pecps.poliziadistato.it;SI;;41.7187;13.6163
AVERSA;CASERTA;Campania;Commissariato di P.S.;Commissariato Aversa;Via San Lorenzo, 98;81031;CE;0815015411;0815015423;comm.aversa.ce@pecps.poliziadistato.it;SI;;40.9858;14.2022
CASERTA;CASERTA;Campania;Questura;Questura Caserta;Piazza della Prefettura, 5;81100;CE;0823429111;;gab.quest.ce@pecps.poliziadistato.it;SI;http://questure.poliziadistato.it/Caserta;41.0758;14.3318
CASTEL VOLTURNO;CASERTA;Campania;Commissariato di P.S.;Commissariato Castel Volturno;Viale delle Acacie;81055;CE;0818396212;;comm.castelvolturno.ce@pecps.poliziadistato.it;SI;;41.0297;13.9445
MADDALONI;CASERTA;Campania;Commissariato di P.S.;Commissariato Maddaloni;Via Caudina;81024;CE;0823 202711;0823 202736;comm.maddaloni.ce@pecps.poliziadistato.it;SI;;41.0339;14.3909
MARCIANISE;CASERTA;Campania;Commissariato di P.S.;Commissariato Marcianise;Via Montevergine n.5;81025;CE;0823514211;0823514266;comm.marcianise.ce@pecps.poliziadistato.it;SI;;41.0414;14.3793
SANTA MARIA CAPUA VETERE;CASERTA;Campania;Commissariato di P.S.;Commissariato Santa Maria Capua Vetere;Via Federico Pezzella;81055;CE;0823897211;0823897220;comm.smcapuavetere.ce@pecps.poliziadistato.it;SI;;41.0782;14.2629
SESSA AURUNCA;CASERTA;Campania;Commissariato di P.S.;Commissariato Sessa Aurunca;Viale 21 Luglio n.33;81037;CE;0823681511;0823681512;comm.sessaaurunca.ce@pecps.poliziadistato.it;SI;;41.2451;13.9345
BENEVENTO;BENEVENTO;Campania;Questura;Questura Benevento;Via Raffaele De Caro 11;82100;BN;0824373111;0824373477;gab.quest.bn@pecps.poliziadistato.it;SI;http://questure.poliziadistato.it/Benevento;41.0748;14.4718
TELESE TERME;BENEVENTO;Campania;Commissariato di P.S.;Commissariato Telese;Via Roma, 296;82037;BN;0824-974311;0824-974328;;SI;;41.2162;14.5228
ACERRA;CITTA' METROPOLITANA DI NAPOLI;Campania;Commissariato di P.S.;Commissariato Acerra;Via Torquato Tasso s.n.c.;80011;NA;0818859211;0818859221;;SI;;40.9479;14.3817
AFRAGOLA;CITTA' METROPOLITANA DI NAPOLI;Campania;Commissariato di P.S.;Commissariato Afragola;Via Salvator Rosa, 1;80021;NA;0818528211;;;SI;;40.9296;14.3003
CAPRI;CITTA' METROPOLITANA DI NAPOLI;Campania;Commissariato di P.S.;Commissariato Capri;Via Roma n. 68/b;80073;NA;0818374211;0818374214;;SI;;40.5499;14.2408
CASTELLAMMARE DI STABIA;CITTA' METROPOLITANA DI NAPOLI;Campania;Commissariato di P.S.;Commissariato Castellammare di Stabia;Via Alcide De Gasperi n. 175;80053;NA;0813912111;0813912220;;SI;;40.7152;14.4788
FRATTAMAGGIORE;CITTA' METROPOLITANA DI NAPOLI;Campania;Commissariato di P.S.;Commissariato Frattamaggiore;Via Padre Mario Vergara n. 43;80027;NA;0818802811;0818802835;;SI;;40.9345;14.2748
GIUGLIANO IN CAMPANIA;CITTA' METROPOLITANA DI NAPOLI;Campania;Commissariato di P.S.;Commissariato Giugliano Villaricca;Via Antica Giardini;80014;NA;0818197311;0818197320;;SI;;40.9316;14.2106
ISCHIA;CITTA' METROPOLITANA DI NAPOLI;Campania;Commissariato di P.S.;Commissariato Ischia;Via delle Terme n. 80;80077;NA;0815074711;0815074721;;SI;;40.7407;13.9438
NAPOLI;CITTA' METROPOLITANA DI NAPOLI;Campania;Commissariato di P.S.;Commissariato Napoli Arenella;Via Cardarelli n. 9;80131;NA;0812206111;0812206120;;SI;;40.8656;14.2267
NAPOLI;CITTA' METROPOLITANA DI NAPOLI;Campania;Commissariato di P.S.;Commissariato Napoli Bagnoli;Via Coroglio n. 10;80124;NA;0812429211;0812429232;;SI;;40.8132;14.167
NAPOLI;CITTA' METROPOLITANA DI NAPOLI;Campania;Commissariato di P.S.;Commissariato Napoli Chiaiano;Via Raffaelli n. 8;80145;NA;0817402711;0817402733;;SI;;40.8891;14.2168
NAPOLI;CITTA' METROPOLITANA DI NAPOLI;Campania;Commissariato di P.S.;Commissariato Napoli Dante;Via Tarsia n. 38;80135;NA;0815645211;0815645220;;SI;;40.8482;14.2477
NAPOLI;CITTA' METROPOLITANA DI NAPOLI;Campania;Commissariato di P.S.;Commissariato Napoli Ferdinando;Riviera di Chiaia, 185;80121;NA;0815980311;0815980368;;SI;;40.8337;14.2324
NAPOLI;CITTA' METROPOLITANA DI NAPOLI;Campania;Commissariato di P.S.;Commissariato Napoli Montecalvario;Via Santa Lucia al Monte, 21;80134;NA;0817903611;0817903620;comm.montecalvario.na@pecps.poliziadistato.it;SI;;40.8449;14.2442
NAPOLI;CITTA' METROPOLITANA DI NAPOLI;Campania;Commissariato di P.S.;Commissariato Napoli Pianura;Corso Duca D`Aosta n. 1;80126;NA;0817158711;;;SI;;40.8611;14.1722
NAPOLI;CITTA' METROPOLITANA DI NAPOLI;Campania;Commissariato di P.S.;Commissariato Napoli Poggioreale;Via Stadera n. 42;80143;NA;0812583711;0812583720;;SI;;40.8705;14.2992
NAPOLI;CITTA' METROPOLITANA DI NAPOLI;Campania;Commissariato di P.S.;Commissariato Napoli Ponticelli;Via Commissario Ammaturo 101;80147;NA;0812588311;0812588339;;SI;;40.8641;14.3269
NAPOLI;CITTA' METROPOLITANA DI NAPOLI;Campania;Commissariato di P.S.;Commissariato Napoli Posillipo;Via Manzoni, 249;80123;NA;0815983211;0815983236;;SI;;40.8069;14.1917
NAPOLI;CITTA' METROPOLITANA DI NAPOLI;Campania;Commissariato di P.S.;Commissariato Napoli San Carlo Arena;Calata Capodichino, 9;80141;NA;0817437311;0817437375;;SI;;40.8691;14.2681
NAPOLI;CITTA' METROPOLITANA DI NAPOLI;Campania;Commissariato di P.S.;Commissariato Napoli San Giovanni a Teduccio;Via Atripaldi n. 1;80100;NA;0812439911;0812439920;;SI;;40.8326;14.3156
NAPOLI;CITTA' METROPOLITANA DI NAPOLI;Campania;Commissariato di P.S.;Commissariato Napoli San Paolo;Piazzale Tecchio n. 70;80125;NA;0812422211;0812422203;;SI;;40.8256;14.1949
NAPOLI;CITTA' METROPOLITANA DI NAPOLI;Campania;Commissariato di P.S.;Commissariato Napoli Scampia;Viale della Resistenza lotto 12;80145;NA;0815439811;0815439850;;SI;;40.9006;14.2383
NAPOLI;CITTA' METROPOLITANA DI NAPOLI;Campania;Commissariato di P.S.;Commissariato Napoli Secondigliano;C.so Secondigliano s.n.c.;80132;NA;0817300211;0817300253;;SI;;40.8884;14.2654
NAPOLI;CITTA' METROPOLITANA DI NAPOLI;Campania;Commissariato di P.S.;Commissariato Napoli Vicaria;Piazza Enrico De Nicola, 35;80139;NA;0814424911;0814424919;;SI;;40.8506;14.2719
NAPOLI;CITTA' METROPOLITANA DI NAPOLI;Campania;Commissariato di P.S.;Commissariato Napoli Vomero;Via Giambattista Ruoppolo, 33;80127;NA;0812204211;0812204202;;SI;;40.8487;14.2274
NAPOLI;CITTA' METROPOLITANA DI NAPOLI;Campania;Questura;Questura Napoli;Via Medina n. 75;80133;NA;0817941111;;urp.quest.na@pecps.poliziadistato.it;SI;http://questure.poliziadistato.it/Napoli;40.842;14.2524
NOLA;CITTA' METROPOLITANA DI NAPOLI;Campania;Commissariato di P.S.;Commissariato Nola;Via Cimitile - P.co Napolitano;80035;NA;0815127211;0815127236;;SI;;40.9281;14.5287
POMPEI;CITTA' METROPOLITANA DI NAPOLI;Campania;Commissariato di P.S.;Commissariato Pompei;Via Sacra n. 1;80045;NA;0818563511;0818563533;;SI;;40.7476;14.5007
PORTICI;CITTA' METROPOLITANA DI NAPOLI;Campania;Commissariato di P.S.;Commissariato Portici Ercolano;Via Salute n. 45;80055;NA;0817887111;0817887120;;SI;;40.8164;14.3482
POZZUOLI;CITTA' METROPOLITANA DI NAPOLI;Campania;Commissariato di P.S.;Commissariato Pozzuoli;Piazza Italo Balbo 6;80078;NA;0813030611;0813030620;;SI;;40.8245;14.1214
SAN GIORGIO A CREMANO;CITTA' METROPOLITANA DI NAPOLI;Campania;Commissariato di P.S.;Commissariato San Giorgio a Cremano;Via Salvatore Rosa, 57;80046;NA;0817886111;0817886735;;SI;;40.8387;14.3439
SAN GIUSEPPE VESUVIANO;CITTA' METROPOLITANA DI NAPOLI;Campania;Commissariato di P.S.;Commissariato San Giuseppe Vesuviano;Via Scudieri 3^  trav.sa a dx 32;80047;NA;0815298811;0815298820;;SI;;40.8309;14.5091
SORRENTO;CITTA' METROPOLITANA DI NAPOLI;Campania;Commissariato di P.S.;Commissariato Sorrento;Vicolo Terzo Rota, 14;80067;NA;0818075311;0818075353;commissariatosorrento.na@poliziadistato.it;SI;;40.6282;14.3841
TORRE ANNUNZIATA;CITTA' METROPOLITANA DI NAPOLI;Campania;Commissariato di P.S.;Commissariato Torre Annunziata;Corso Umberto I n. 69;80058;NA;0818625211;0818625220;;SI;;40.757;14.4421
TORRE DEL GRECO;CITTA' METROPOLITANA DI NAPOLI;Campania;Commissariato di P.S.;Commissariato Torre Del Greco;Via Sedivola 40;80059;NA;0818470111;;;SI;;40.7928;14.3719
ARIANO IRPINO;AVELLINO;Campania;Commissariato di P.S.;Commissariato Ariano Irpino;Corso Vittorio Emanuele n.217;83031;AV;0825829311;;;SI;;41.1535;15.0839
AVELLINO;AVELLINO;Campania;Questura;Questura Avellino;Via Giovanni Palatucci n.16;83100;AV;0825206111;0825/206777 - 206595;gab.quest.av@pecps.poliziadistato.it;SI;http://questure.poliziadistato.it/Avellino;40.915;14.7765
CERVINARA;AVELLINO;Campania;Commissariato di P.S.;Commissariato Cervinara;Via Ciriaco di Roma;83012;AV;0824839711;;;SI;;41.0199;14.6186
LAURO;AVELLINO;Campania;Commissariato di P.S.;Commissariato Lauro di Nola;Viale dei Platani snc;83023;AV;0818245611;;;SI;;40.8754;14.6388
SANT'ANGELO DEI LOMBARDI;AVELLINO;Campania;Commissariato di P.S.;Commissariato Sant`Angelo dei Lombardi;Via Giostra n.1;83054;AV;0827216311;;;SI;;40.928;15.1817
BATTIPAGLIA;SALERNO;Campania;Commissariato di P.S.;Commissariato Battipaglia;Via Rosa Iemma n.110;84062;SA;0828340411;0828340420;comm.battipaglia.sa@pecps.poliziadistato.it;SI;;40.5942;14.9828
CAVA DE' TIRRENI;SALERNO;Campania;Commissariato di P.S.;Commissariato Cava dei Tirreni;Corso Palatucci, 4;84013;SA;089340511;089340520;comm.cavadetirreni.sa@pecps.poliziadistato.it;SI;;40.7066;14.7019
NOCERA INFERIORE;SALERNO;Campania;Commissariato di P.S.;Commissariato Nocera Inferiore;Via Giovanni Falcone, 4;84014;SA;081920311;081920325;comm.nocerainferiore.sa@pecps.poliziadistato.it;SI;;40.7421;14.6498
SALERNO;SALERNO;Campania;Commissariato di P.S.;Commissariato Salermo Torrione;Via San Leonardo traversa Migliaro;84100;SA;0895223311;0895223335;comm.torrione.sa@pecps.poliziadistato.it;SI;;40.6486;14.8268
SALERNO;SALERNO;Campania;Questura;Questura Salerno;Piazza Giovanni Amendola, 16;84121;SA;089613111;089613566;Consulta elenco PEC in Orari e Uffici della Questura;SI;http://questure.poliziadistato.it/Salerno;40.6786;14.7555
SARNO;SALERNO;Campania;Commissariato di P.S.;Commissariato Sarno;Via Roma n.1;84087;SA;0815137211;0815137235;comm.sarno.sa@pecps.poliziadistato.it;SI;;40.8143;14.6152
AVEZZANO;L'AQUILA;Abruzzo;Commissariato di P.S.;Commissariato Avezzano;Via Salvador Allende n.10;67051;AQ;086343131;08634313777;;SI;;42.0418;13.4255
L'AQUILA;L'AQUILA;Abruzzo;Questura;Questura L'Aquila;Via Strinella n.1;67100;AQ;08624301;08624389006;gab.quest.aq@pecps.poliziadistato.it;SI;http://questure.poliziadistato.it/LAquila;42.3494;13.4058
SULMONA;L'AQUILA;Abruzzo;Commissariato di P.S.;Commissariato Sulmona;Via Sallustio, 44;67039;AQ;086435661;;;SI;;42.0573;13.9277
ATRI;TERAMO;Abruzzo;Commissariato di P.S.;Commissariato Atri;Viale Risorgimento, 1;64032;TE;08587922;0858792239;comm.atri.te@pecps.poliziadistato.it;SI;;42.5785;13.9793
TERAMO;TERAMO;Abruzzo;Questura;Questura Teramo;Viale Bovio n.22;64100;TE;08612591;0861259777;Vedi Carta dei Servizi a pag.3/4;SI;http://questure.poliziadistato.it/Teramo;42.6631;13.6947
PESCARA;PESCARA;Abruzzo;Questura;Questura Pescara;Via Pesaro n.7;65100;PE;08520571;0852057777;urp.quest.pe@pecps.poliziadistato.it;SI;http://questure.poliziadistato.it/Pescara;42.4632;14.2129
CHIETI;CHIETI;Abruzzo;Questura;Questura Chieti;Piazza Umberto I;66100;CH;08713421;;urp.quest.ch@pecps.poliziadistato.it;SI;http://questure.poliziadistato.it/Chieti;42.3495;14.1676
LANCIANO;CHIETI;Abruzzo;Commissariato di P.S.;Commissariato Lanciano;Via Sant` Antonio n.1;66034;CH;087272561;;comm.lanciano.ch@pecps.poliziadistato.it;SI;;42.2282;14.3999
VASTO;CHIETI;Abruzzo;Commissariato di P.S.;Commissariato Vasto;Via Bachelet n.1;66054;CH;087330421;;comm.vasto.ch@pecps.poliziadistato.it;SI;;42.0681;14.6678
CAMPOBASSO;CAMPOBASSO;Molise;Questura;Questura Campobasso;Via V. Tiberio n.95;86100;CB;08744061;0874406554;gab.quest.cb@pecps.poliziadistato.it;SI;http://questure.poliziadistato.it/Campobasso;41.566;14.6561
TERMOLI;CAMPOBASSO;Molise;Commissariato di P.S.;Commissariato Termoli;Via Cina, 1;86039;CB;087571551;;comm.termoli.cb@pecps.poliziadistato.it;SI;;41.9957;14.9867
CERIGNOLA;FOGGIA;Puglia;Commissariato di P.S.;Commissariato Cerignola;Via Jesolo 5;71042;FG;0885449511;0885449531;comm.cerignola.fg@pecps.poliziadistato.it;SI;;41.2653;15.9129
FOGGIA;FOGGIA;Puglia;Questura;Questura Foggia;Via Antonio Gramsci n. 1;71122;FG;0881 668111;0881 668242;gab.quest.fg@pecps.poliziadistato.it;SI;http://questure.poliziadistato.it/Foggia;41.4516;15.5633
LUCERA;FOGGIA;Puglia;Commissariato di P.S.;Commissariato Lucera;Via Po snc;71036;FG;0881531211;0881531231;comm.lucera.fg@pecps.poliziadistato.it;SI;;41.5101;15.3303
MANFREDONIA;FOGGIA;Puglia;Commissariato di P.S.;Commissariato Manfredonia;Via G. di Vittorio n. 305;71043;FG;0884584511;0884584531;comm.manfredonia.fg@pecps.poliziadistato.it;SI;;41.618;15.9006
SAN SEVERO;FOGGIA;Puglia;Commissariato di P.S.;Commissariato San Severo;Via Filippo D`Alfonso 78;71016;FG;0882311211;0882311231;comm.sansevero.fg@pecps.poliziadistato.it;SI;;41.6873;15.3765
BARI;CITTA' METROPOLITANA DI BARI;Puglia;Commissariato di P.S.;Commissariato Bari Nuova Carrassi;Via Pietro Leonida Laforgia Nr. 30;70126;BA;0805498511;;;SI;;41.1004;16.8862
BARI;CITTA' METROPOLITANA DI BARI;Puglia;Commissariato di P.S.;Commissariato Bari San Nicola;Piazza San Pietro Nr. 31;70122;BA;0805786111;;;SI;;41.1323;16.8702
BARI;CITTA' METROPOLITANA DI BARI;Puglia;Commissariato di P.S.;Commissariato Bari San Paolo;Via Cacudi Nr. 3;70123;BA;0805349338;;;SI;;41.1276;16.7907
BARI;CITTA' METROPOLITANA DI BARI;Puglia;Questura;Questura Bari;Via G. Palatucci Nr. 4;70100;BA;0805291111;0805291154;urp.quest.ba@pecps.poliziadistato.it;SI;http://questure.poliziadistato.it/Bari;41.1277;16.8647
BITONTO;CITTA' METROPOLITANA DI BARI;Puglia;Commissariato di P.S.;Commissariato Bitonto;Via Tommaso Traetta Nr. 5;70032;BA;0803715711;;;SI;;41.1065;16.6963
CORATO;CITTA' METROPOLITANA DI BARI;Puglia;Commissariato di P.S.;Commissariato Corato;Via Messina Nr. 84;70033;BA;0808720211;;;SI;;41.1473;16.4103
GRAVINA IN PUGLIA;CITTA' METROPOLITANA DI BARI;Puglia;Commissariato di P.S.;Commissariato Gravina in Puglia;Via Emilio Guida Nr. 1;70024;BA;0803260411;;;SI;;40.8191;16.4268
MONOPOLI;CITTA' METROPOLITANA DI BARI;Puglia;Commissariato di P.S.;Commissariato Monopoli;Via Filippo Turati Nr. 11;70043;BA;0804182311;;;SI;;40.9584;17.2846
GROTTAGLIE;TARANTO;Puglia;Commissariato di P.S.;Commissariato Grottaglie;Via Togliatti, 13;74023;TA;0995637411;;;SI;;40.5431;17.4342
MANDURIA;TARANTO;Puglia;Commissariato di P.S.;Commissariato Manduria;Via Pirro Varrone, 4;74024;TA;0999713211;;commissariato.manduria.ta@poliziadistato.it;SI;;40.4015;17.625
MARTINA FRANCA;TARANTO;Puglia;Commissariato di P.S.;Commissariato Martina Franca;Via Pietro del Tocco, 72;74015;TA;0804802111;;commissariato.martinafranca.ta@poliziadistato.it;SI;;40.6999;17.3463
TARANTO;TARANTO;Puglia;Commissariato di P.S.;"Commissariato P.S. &quot;BORGO&quot;";Via  Anfiteatro, 8;74100;TA;099/4545111;;;SI;;40.4708;17.2382
TARANTO;TARANTO;Puglia;Commissariato di P.S.;"Commissariato P.S. &quot;BORGO&quot;";Via  Anfiteatro, 8;74100;TA;099/4545111;;;SI;;40.4708;17.2382
TARANTO;TARANTO;Puglia;Questura;Questura Taranto;Via Giovanni Palatucci n.5;74121;TA;0994620111;0994545777;gab.quest.ta@pecps.poliziadistato.it;SI;http://questure.poliziadistato.it/Taranto;40.4447;17.263
TARANTO;TARANTO;Puglia;Questura;Questura Taranto;Via Giovanni Palatucci n.5;74121;TA;0994620111;0994545777;gab.quest.ta@pecps.poliziadistato.it;SI;http://questure.poliziadistato.it/Taranto;40.4447;17.263
BRINDISI;BRINDISI;Puglia;Commissariato di P.S.;Commissariato Mesagne;Via Tito Speri, 1;72023;BR;0831-713211;0831-713231;;SI;;40.5598;17.8092
BRINDISI;BRINDISI;Puglia;Questura;Questura Brindisi;Via Perrino n.1;72100;BR;0831543111 centralino;0831543355;urp.quest.br@pecps.poliziadistato.it;SI;http://questure.poliziadistato.it/Brindisi;40.6319;17.9488
OSTUNI;BRINDISI;Puglia;Commissariato di P.S.;Commissariato Ostuni;Corso Vittorio Emanuele, 93;72017;BR;0831-337411;0831-337431;;SI;;40.7299;17.5815
GALATINA;LECCE;Puglia;Commissariato di P.S.;Commissariato Galatina;Via Salacino n.48;73013;LE;0836.638211;;comm.galatina.le@pecps.poliziadistato.it;SI;;40.1719;18.1565
GALLIPOLI;LECCE;Puglia;Commissariato di P.S.;Commissariato Gallipoli;Via Lazzari n.1;73014;LE;0833.267711;;comm.gallipoli.le@pecps.poliziadistato.it;SI;;40.0567;17.9899
LECCE;LECCE;Puglia;Questura;Questura Lecce;Viale Otranto n.1;73100;LE;08326931;0832691777;ammin.quest.le@pecps.poliziadistato.it - immig.quest.le@pecps.poliziadistato.it - anticrimine.quest.le@pecps.poliziadistato.it - gab.quest.le@pecps.poliziadistato.it;SI;http://questure.poliziadistato.it/Lecce;40.3467;18.1709
NARDO';LECCE;Puglia;Commissariato di P.S.;Commissariato Nard ;Via Duca Abruzzi n.27;73048;LE;0833.870211;;comm.nardo.le@pecps.poliziadistato.it;SI;;40.1804;18.0322
OTRANTO;LECCE;Puglia;Commissariato di P.S.;Commissariato Otranto;Via Pioppi snc;73028;LE;0836.805531;;comm.otranto.le@pecps.poliziadistato.it;SI;;40.1418;18.4911
TAURISANO;LECCE;Puglia;Commissariato di P.S.;Commissariato Taurisano;Via Eroi d`Italia n.170;73056;LE;0833.626211;;comm.taurisano.le@pecps.poliziadistato.it;SI;;39.958;18.2191
MELFI;POTENZA;Basilicata;Commissariato di P.S.;Commissariato Melfi;Via Passannante ,1;85025;PZ;0972/250211;0972/250231;comm.melfi.pz@pecps.poliziadistato.it;SI;;40.9979;15.6361
POTENZA;POTENZA;Basilicata;Questura;Questura Potenza;Viale Guglielmo Marconi, 42;85100;PZ;0971334111;;gab.quest.pz@pecps.poliziadistato.it;SI;http://questure.poliziadistato.it/Potenza;40.6326;15.8044
MATERA;MATERA;Basilicata;Questura;Questura Matera;Via Gattini n.12;75100;MT;Centralino 0835378111;0835378777;urp.quest.mt@pecps.poliziadistato.it;SI;http://questure.poliziadistato.it/Matera;40.6716;16.6074
PISTICCI;MATERA;Basilicata;Commissariato di P.S.;Commissariato Pisticci;Via Caboto n.13;75015;MT;0835445711;0835445731;comm.pisticci.mt@pecps.poliziadistato.it;SI;;40.3892;16.5636
POLICORO;MATERA;Basilicata;Commissariato di P.S.;Commissariato di P.S. Policoro;Via Puglia snc;75025;MT;0835952211;0835952231;comm.policoro.mt@pecps.poliziadistato.it;SI;;40.2498;16.6993
CASTROVILLARI;COSENZA;Calabria;Commissariato di P.S.;Commissariato Castrovillari;Via Pino Loricato, 32;87012;CS;0981486911;09814869577;comm.castrovillari.cs@pecps.poliziadistato.it;SI;;39.8253;16.2072
COSENZA;COSENZA;Calabria;Questura;Questura Cosenza;Via Giovanni Palatucci, 8;87100;CS;0984898011;;gab.quest.cs@pecps.poliziadistato.it;SI;http://questure.poliziadistato.it/Cosenza;39.2999;16.2508
PAOLA;COSENZA;Calabria;Commissariato di P.S.;Commissariato Paola;Piazzale Stazione nr.4;87027;CS;0982622311;09826223577;comm.paola.cs@pecps.poliziadistato.it;SI;;39.3593;16.0336
ROSSANO;COSENZA;Calabria;Commissariato di P.S.;Commissariato Rossano Calabro;Via G. Di Vittorio;87068;CS;0983531011;09835310577;comm.rossano.cs@pecps.poliziadistato.it;SI;;39.5975;16.6268
CATANZARO;CATANZARO;Calabria;Commissariato di P.S.;"Commissariato sezionale &quot;Catanzaro Lido&quot;";Via Carlo Pisacane;88100;CZ;0961737736;0961737736;comm.catanzarolido.cz@pecps.poliziadistato.it;SI;;38.8316;16.6399
CATANZARO;CATANZARO;Calabria;Questura;Questura Catanzaro;Piazza Cavour, 2;88100;CZ;0961/889111;0961/889777;urp.quest.cz@pecps.poliziadistato.it;SI;http://questure.poliziadistato.it/Catanzaro;38.9051;16.5939
LAMEZIA TERME;CATANZARO;Calabria;Commissariato di P.S.;Commissariato Lamezia Terme;Via Perugini;88046;CZ;0968203211;09682032577;comm.lameziaterme.cz@pecps.poliziadistato.it;SI;;38.9601;16.2974
BOVALINO;CITTA' METROPOLITANA DI REGGIO CALABRIA;Calabria;Commissariato di P.S.;Commissariato Bovalino;Via Dromo I, 65;89034;RC;0964672011;;;SI;;38.1497;16.1767
CITTANOVA;CITTA' METROPOLITANA DI REGGIO CALABRIA;Calabria;Commissariato di P.S.;Commissariato Cittanova;via Nervi;89022;RC;0966656011;;;SI;;38.3481;16.0775
CONDOFURI;CITTA' METROPOLITANA DI REGGIO CALABRIA;Calabria;Commissariato di P.S.;Commissariato Condofuri;Via Peripoli;89030;RC;0965731011;;;SI;;37.9269;15.8636
GIOIA TAURO;CITTA' METROPOLITANA DI REGGIO CALABRIA;Calabria;Commissariato di P.S.;Commissariato Gioia Tauro;Via Provinciale per Rizziconi;89013;RC;0966588111;;;SI;;38.4836;15.9273
PALMI;CITTA' METROPOLITANA DI REGGIO CALABRIA;Calabria;Commissariato di P.S.;Commissariato Palmi;via Buozzi, 277;89015;RC;0966419211;;;SI;;38.365;15.8574
POLISTENA;CITTA' METROPOLITANA DI REGGIO CALABRIA;Calabria;Commissariato di P.S.;Commissariato Polistena;Piazzale Pace, 3;89024;RC;0966939211;;;SI;;38.3864;16.1083
REGGIO DI CALABRIA;CITTA' METROPOLITANA DI REGGIO CALABRIA;Calabria;Questura;Questura Reggio Calabria;Corso Giuseppe Garibaldi, 442;89100;RC;09654111;0965411777;urp.quest.rc@pecps.poliziadistato.it;SI;http://questure.poliziadistato.it/ReggioCalabria;38.1081;15.6436
SIDERNO;CITTA' METROPOLITANA DI REGGIO CALABRIA;Calabria;Commissariato di P.S.;Commissariato Siderno Marina;Via Amendola, 77;89048;RC;0964387401;;;SI;;38.2653;16.2898
TAURIANOVA;CITTA' METROPOLITANA DI REGGIO CALABRIA;Calabria;Commissariato di P.S.;Commissariato Taurianova;Viale San Martino,11;89029;RC;0966618111;;;SI;;38.3552;16.0009
VILLA SAN GIOVANNI;CITTA' METROPOLITANA DI REGGIO CALABRIA;Calabria;Commissariato di P.S.;Commissariato Villa San Giovanni;Viale Rocco Larussa, 25;89018;RC;0965793011;;;SI;;38.2243;15.6366
ALCAMO;TRAPANI;Sicilia;Commissariato di P.S.;Commissariato Alcamo;Piazza della Libert  n.4;91011;TP;0924500311;;comm.alcamo.tp@pecps.poliziadistato.it;SI;;37.9824;12.9658
CASTELLAMMARE DEL GOLFO;TRAPANI;Sicilia;Commissariato di P.S.;Commissariato Castellammare del Golfo;Via Umberto I, 3;91014;TP;092435911;;comm.castellammaredelgolfo.tp@pecps.poliziadistato.it;SI;;38.0176;12.8853
CASTELVETRANO;TRAPANI;Sicilia;Commissariato di P.S.;Commissariato Castelvetrano;Piazza Della Giustizia 1;91021;TP;0924908411;;comm.castelvetrano.tp@pecps.poliziadistato.it;SI;;37.6803;12.7962
MARSALA;TRAPANI;Sicilia;Commissariato di P.S.;Commissariato Marsala;Via Verdi n.32;91025;TP;0923718811;0923718812;comm.marsala.tp@pecps.poliziadistato.it;SI;;37.9329;12.331
MAZARA DEL VALLO;TRAPANI;Sicilia;Commissariato di P.S.;Commissariato Mazara del Vallo;Via Emanuele Sansone 56;91026;TP;0923934411;;comm.mazaradelvallo.tp@pecps.poliziadistato.it;SI;;37.6589;12.58
TRAPANI;TRAPANI;Sicilia;Questura;Questura Trapani;Piazza Vittorio Veneto, 1;91100;TP;0923598111;0923598777;gab.quest.tp@pecps.poliziadistato.it;SI;http://questure.poliziadistato.it/Trapani;38.0187;12.5144
PALERMO;CITTA' METROPOLITANA DI PALERMO;Sicilia;Questura;Questura Palermo;Piazza della Vittoria, 8;90134;PA;091210111;091210777;"gab.quest.pa@pecps.poliziadistato.it;questore.pa@poliziadistato.it";SI;http://questure.poliziadistato.it/Palermo;38.1119;13.3562
BARCELLONA POZZO DI GOTTO;CITTA' METROPOLITANA DI MESSINA;Sicilia;Commissariato di P.S.;Commissariato Barcellona Pozzo di Gotto;Via de Luca, 22;98051;ME;0909709011;;comm.barcellonapozzodigotto.me@pecps.poliziadistato.it;SI;;38.1503;15.2193
CAPO D'ORLANDO;CITTA' METROPOLITANA DI MESSINA;Sicilia;Commissariato di P.S.;Commissariato Capo d`Orlando;Via Piave n.52/C;98076;ME;0941913611;;comm.capodorlando.me@pecps.poliziadistato.it;SI;;38.1589;14.7434
MESSINA;CITTA' METROPOLITANA DI MESSINA;Sicilia;Commissariato di P.S.;Commissariato Messina Sud;Strada Statale 114 (Localit  Contesse);98100;ME;0906254211;;comm.messinasud.me@pecps.poliziadistato.it;SI;;38.133;15.5221
MESSINA;CITTA' METROPOLITANA DI MESSINA;Sicilia;Questura;Questura Messina;Via Placida, 2;98121;ME;0903661;090366777;questore.me@pecps.poliziadistato.it - urp.quest.me@pecps.poliziadistato.it;SI;http://questure.poliziadistato.it/Messina;38.1991;15.5563
MILAZZO;CITTA' METROPOLITANA DI MESSINA;Sicilia;Commissariato di P.S.;Commissariato Milazzo;Via Municipio, 1;98057;ME;0909230311;;comm.milazzo.me@pecps.poliziadistato.it;SI;;38.2211;15.2419
PATTI;CITTA' METROPOLITANA DI MESSINA;Sicilia;Commissariato di P.S.;Commissariato Patti;C.da Santo Spirito 50;98066;ME;0941247911;;comm.patti.me@pecps.poliziadistato.it;SI;;38.1373;14.9669
SANT'AGATA DI MILITELLO;CITTA' METROPOLITANA DI MESSINA;Sicilia;Commissariato di P.S.;Commissariato Sant`Agata di Militello;Via Roma, 31;98076;ME;0941708011;;comm.santagatamilitello.me@pecps.poliziadistato.me;SI;;38.0696;14.6343
TAORMINA;CITTA' METROPOLITANA DI MESSINA;Sicilia;Commissariato di P.S.;Commissariato Taormina;Piazza S. Domenico;98039;ME;0942611111;;comm.taormina.me@pecps.poliziadistato.me;SI;;37.8506;15.2839
AGRIGENTO;AGRIGENTO;Sicilia;Questura;Questura Agrigento;Piazza Vittorio Emanuele, 2;92100;AG;0922483111;0922483616 - 0922483540;gab.quest.ag@pecps.poliziadistato.it;SI;http://questure.poliziadistato.it/Agrigento;37.3109;13.5859
CANICATTI';AGRIGENTO;Sicilia;Commissariato di P.S.;Commissariato Canicatt ;Via Ciaccio Montalto, 16;92024;AG;0922730111;;;SI;;37.3527;13.8355
LICATA;AGRIGENTO;Sicilia;Commissariato di P.S.;Commissariato Licata;Via Campobello n.106;92027;AG;0922896111;;;SI;;37.1104;13.9311
PALMA DI MONTECHIARO;AGRIGENTO;Sicilia;Commissariato di P.S.;Commissariato Palma di Montechiaro;Via Brodolini, 2;92020;AG;0922896290;;;SI;;37.1842;13.7754
PORTO EMPEDOCLE;AGRIGENTO;Sicilia;Commissariato di P.S.;Commissariato Porto Empedocle;Via Panarea 3A/3H;92014;AG;09224357700;;;SI;;37.2919;13.5211
SCIACCA;AGRIGENTO;Sicilia;Commissariato di P.S.;Commissariato Sciacca;Via Jacopo Ruffini, 12;92019;AG;0925965011;;;SI;;37.5068;13.0625
CALTANISSETTA;CALTANISSETTA;Sicilia;Questura;Questura Caltanissetta;Via Catania 1;93100;CL;093479111;093479677;gab.quest.cl@pecps.poliziadistato.it;SI;http://questure.poliziadistato.it/Caltanissetta;37.4928;14.0537
GELA;CALTANISSETTA;Sicilia;Commissariato di P.S.;Commissariato Gela;Via Calogero Zucchetto, 7;93012;CL;0933816211;0933816221;comm.gela.cl@pecps.poliziadistato.it;SI;;37.0775;14.2368
NISCEMI;CALTANISSETTA;Sicilia;Commissariato di P.S.;Commissariato Niscemi;Viale M. Gori n.375;93015;CL;0933888111;0933888127;comm.niscemi.cl@pecps.poliziadistato.it;SI;;37.1454;14.3975
ENNA;ENNA;Sicilia;Questura;Questura Enna;Via San Giuseppe n.4;94100;EN;0935/522111;0935/522777;gab.quest.en@pecps.poliziadistato.it;SI;http://questure.poliziadistato.it/Enna;37.5678;14.2793
LEONFORTE;ENNA;Sicilia;Commissariato di P.S.;Commissariato Leonforte;Via Borz  nr. 02;94013;EN;0935/665311;0935/665317;comm.leonforte.en@pecps.poliziadistato.it;SI;;37.6387;14.3909
NICOSIA;ENNA;Sicilia;Commissariato di P.S.;Commissariato Nicosia;Via Giovanni Falcone nr. 23;94014;EN;0935/673011;0935/673024;comm.nicosia.en@pecps.poliziadistato.it;SI;;37.7536;14.386
PIAZZA ARMERINA;ENNA;Sicilia;Commissariato di P.S.;Commissariato Piazza Armerina;Via Alessandro Manzoni, 67;94015;EN;0935/983011;0935/983023;comm.piazzaarmerina.en@pecps.poliziadistato.it;SI;;37.3781;14.3688
ACIREALE;CITTA' METROPOLITANA DI CATANIA;Sicilia;Commissariato di P.S.;Commissariato Acireale;Corso Umberto n.181;95024;CT;0957653011;;comm.acireale.ct@pecps.poliziadistato.it;SI;;37.6174;15.1669
ADRANO;CITTA' METROPOLITANA DI CATANIA;Sicilia;Commissariato di P.S.;Commissariato Adrano;Viale della Regione, 67;95031;CT;0957608111;;comm.adrano.ct@pecps.poliziadistato.it;SI;;37.6671;14.8291
CALTAGIRONE;CITTA' METROPOLITANA DI CATANIA;Sicilia;Commissariato di P.S.;Commissariato Caltagirone;Via Porta del Vento n.33;95041;CT;093345211;;comm.caltagirone.ct@pecps.poliziadistato.it;SI;;37.2352;14.5128
CATANIA;CITTA' METROPOLITANA DI CATANIA;Sicilia;Commissariato di P.S.;Commissariato Catania Borgo Ognina;Via Francesco Pensavalle n.15;95128;CT;0957194811;;comm.borgoognina.ct@pecps.poliziadistato.it;SI;;37.5246;15.0852
CATANIA;CITTA' METROPOLITANA DI CATANIA;Sicilia;Commissariato di P.S.;Commissariato Catania Librino;Viale San Teodoro n.4;95121;CT;0957491311;;comm.librino.ct@pecps.poliziadistato.it;SI;;37.4824;15.051
CATANIA;CITTA' METROPOLITANA DI CATANIA;Sicilia;Commissariato di P.S.;Commissariato Catania Nesima;Piazza Eroi D`Ungheria n.11;95123;CT;0957581311;;comm.nesima.ct@pecps.poliziadistato.it;SI;;37.3025;15.03
CATANIA;CITTA' METROPOLITANA DI CATANIA;Sicilia;Commissariato di P.S.;Commissariato Catania San Cristoforo;Via Suor Anna Cantalupo, 1;95122;CT;0957101911;;comm.sancristoforo.ct@pecps.poliziadistato.it;SI;;37.4961;15.074
CATANIA;CITTA' METROPOLITANA DI CATANIA;Sicilia;Questura;Questura Catania;Piazza  S. Nicolella n.8;95124;CT;0957367111;;gab.quest.ct@pecps.poliziadistato.it;SI;http://questure.poliziadistato.it/Catania;37.5046;15.086
COMISO;RAGUSA;Sicilia;Commissariato di P.S.;Commissariato Comiso;Via Pietro Micca n.99;97013;RG;0932749011;0932749017;comm.comiso.rg@pecps.poliziadistato.it;SI;;36.9477;14.6105
MODICA;RAGUSA;Sicilia;Commissariato di P.S.;Commissariato Modica;Via del Campo Sportivo n.48;97015;RG;0932769211;0932769217;comm.modica.rg@pecps.poliziadistato.it;SI;;36.8462;14.7664
RAGUSA;RAGUSA;Sicilia;Questura;Questura Ragusa;Via Ispettore Giovanni LIZZIO;97100;RG;0932673111;0932/673577;gab.quest.rg@pecps.poliziadistato.it - urp.quest.rg@pecps.poliziadistato.it;SI;http://questure.poliziadistato.it/Ragusa;36.91;14.73
VITTORIA;RAGUSA;Sicilia;Commissariato di P.S.;Commissariato Vittoria;Via Emanuela Loi, 40;97019;RG;0932997411;0932997417;comm.vittoria.rg@pecps.poliziadistato.it;SI;;36.9467;14.5175
AUGUSTA;SIRACUSA;Sicilia;Commissariato di P.S.;Commissariato Augusta;Via Cristoforo Colombo, 1;96011;SR;0931527111;0931527133;commissariatoaugusta.sr@poliziadistato.it;SI;;37.2321;15.2204
AVOLA;SIRACUSA;Sicilia;Commissariato di P.S.;Commissariato Avola;Via Siracusa n.65;96012;SR;0931899211;0931899217;commisariatoavola.sr@poliziadistato.it;SI;;36.9124;15.1408
LENTINI;SIRACUSA;Sicilia;Commissariato di P.S.;Commissariato Lentini;Via Riccardo da Lentini, 103;96016;SR;0957851211;;;SI;;37.2959;14.9979
NOTO;SIRACUSA;Sicilia;Commissariato di P.S.;Commissariato Noto;Via Montessori, 3;96017;SR;0931824211;0931824217;commissariatonoto.sr@poliziadistato.it;SI;;36.8971;15.0686
PACHINO;SIRACUSA;Sicilia;Commissariato di P.S.;Commissariato Pachino;Via Tafuri, 56;96018;SR;0931804211;0931804217;commissariatopachino.sr@poliziadistato.it;SI;;36.7139;15.0811
SIRACUSA;SIRACUSA;Sicilia;Commissariato di P.S.;Commissariato Priolo Gargallo;Via Venezia 1/B;96010;SR;0931776411;0931776421;;SI;;37.1534;15.1899
SIRACUSA;SIRACUSA;Sicilia;Commissariato di P.S.;Commissariato Siracusa Ortigia;Via Vittorio Veneto, 154;96100;SR;0931481411;;;SI;;37.0645;15.2953
SIRACUSA;SIRACUSA;Sicilia;Questura;Questura Siracusa;Viale Scala Greca n.248;96100;SR;0931495111;0931495777;;SI;http://questure.poliziadistato.it/Siracusa;37.0952;15.2707
ALGHERO;SASSARI;Sardegna;Commissariato di P.S.;Commissariato Alghero;via Kennedy s.n.c.;07041;SS;0799720000;;;SI;;40.5508;8.3231
OZIERI;SASSARI;Sardegna;Commissariato di P.S.;Commissariato Ozieri;Via Vittorio Veneto n.46;07014;SS;0797810011;;;SI;;40.5864;8.99983
SASSARI;SASSARI;Sardegna;Questura;Questura Sassari;via Giovanni Palatucci, 1;07100;SS;0792495000;0792495777;gab.quest.ss@pecps.poliziadistato.it;SI;http://questure.poliziadistato.it/Sassari;40.7356;8.56449
GAVOI;NUORO;Sardegna;Commissariato di P.S.;Commissariato Gavoi;Via Manelli n.5;08020;NU;078459221;;comm.gavoi.nu@pecps.poliziadistato.it;SI;;40.1631;9.19407
MACOMER;NUORO;Sardegna;Commissariato di P.S.;Commissariato Macomer;Via Lussu n.1;08015;NU;078522321;;comm.macomer.nu@pecps.poliziadistato.it;SI;;40.2663;8.76232
NUORO;NUORO;Sardegna;Questura;Questura Nuoro;Viale Europa, 3;08100;NU;0784214111;0784214139;gab.quest.nu@pecps.poliziadistato.it;SI;http://questure.poliziadistato.it/Nuoro;40.3236;9.32995
ORGOSOLO;NUORO;Sardegna;Commissariato di P.S.;Commissariato Orgosolo;Via Rinascita, 45;08027;NU;078440021;;comm.orgosolo.nu@pecps.poliziadistato.it;SI;;40.2053;9.35315
OTTANA;NUORO;Sardegna;Commissariato di P.S.;Commissariato Ottana;Via Aldo Moro, 7;08020;NU;078472321;;comm.ottana.nu@pecps.poliziadistato.it;SI;;40.233;9.04734
POSADA;NUORO;Sardegna;Commissariato di P.S.;Commissariato Siniscola;Via Deffenu n.1;08020;NU;0784871000;;comm.siniscola.nu@pecps.poliziadistato.it;SI;;40.5748;9.69276
CAGLIARI;CAGLIARI;Sardegna;Commissariato di P.S.;Commissariato Cagliari Sant`Avendrace;Via Is Mirrionis n.155;09121;CA;070202641;07020264240;comm.santavendrace.ca@pecps.poliziadistato.it;SI;;39.2355;9.1093
CAGLIARI;CAGLIARI;Sardegna;Commissariato di P.S.;Commissariato Cagliari Sant`Avendrace;Via Is Mirrionis n.155;09121;CA;070202641;07020264240;comm.santavendrace.ca@pecps.poliziadistato.it;SI;;39.2355;9.1093
CAGLIARI;CAGLIARI;Sardegna;Commissariato di P.S.;Commissariato Cagliari Sant`Avendrace;Via Is Mirrionis n.155;09121;CA;070202641;07020264240;comm.santavendrace.ca@pecps.poliziadistato.it;SI;;39.2355;9.1093
CAGLIARI;CAGLIARI;Sardegna;Questura;Questura Cagliari;Via Amat 9;09100;CA;07060271;;questore.ca@poliziadistato.it;SI;http://questure.poliziadistato.it/Cagliari;39.2183;9.12752
CAGLIARI;CAGLIARI;Sardegna;Questura;Questura Cagliari;Via Amat 9;09100;CA;07060271;;questore.ca@poliziadistato.it;SI;http://questure.poliziadistato.it/Cagliari;39.2183;9.12752
CAGLIARI;CAGLIARI;Sardegna;Questura;Questura Cagliari;Via Amat 9;09100;CA;07060271;;questore.ca@poliziadistato.it;SI;http://questure.poliziadistato.it/Cagliari;39.2183;9.12752
QUARTU SANT'ELENA;CAGLIARI;Sardegna;Commissariato di P.S.;Commissariato Quartu Sant`Elena;Via Firenze, 52;09045;CA;070836131;07083613243;comm.quartusantelena.ca@pecps.poliziadistato.it;SI;;39.2449;9.18223
QUARTU SANT'ELENA;CAGLIARI;Sardegna;Commissariato di P.S.;Commissariato Quartu Sant`Elena;Via Firenze, 52;09045;CA;070836131;07083613243;comm.quartusantelena.ca@pecps.poliziadistato.it;SI;;39.2449;9.18223
ISERNIA;ISERNIA;Molise;Questura;Questura Isernia;Via Palatucci;86170;IS;0865.4451;0865.473203;gab.quest.is@pecps.poliziadistato.it;SI;http://questure.poliziadistato.it/Isernia;41.5973;14.2511
ORISTANO;ORISTANO;Sardegna;Questura;Questura Oristano;Via Beatrice D`Arborea;09170;OR;078321421;07832142666;gab.quest.or@pecps.poliziadistato.it;SI;http://questure.poliziadistato.it/Oristano;39.8944;8.58935
BIELLA;BIELLA;Piemonte;Questura;Questura Biella;Via Sant`Eusebio 5/A;13900;BI;0153590411;;gab.quest.bi@pecps.poliziadistato.it;SI;http://questure.poliziadistato.it/Biella;45.5588;8.05906
LECCO;LECCO;Lombardia;Questura;Questura Lecco;Corso Promessi Sposi, 40 - Via Leonardo da Vici, 2;23900;LC;0341279111;0341279777 - 0341279666;gab.quest.lc@pecps.poliziadistato.it (Ufficio di Gabinetto) urp.quest.lc@pecps.poliziadistato.it (Ufficio Relazioni con il Pubblico);SI;http://questure.poliziadistato.it/Lecco;45.8563;9.40563
LODI;LODI;Lombardia;Questura;Questura Lodi;Piazza Castello n.30;26900;LO;03714441;0371444777;urp.quest.lo@pecps.poliziadistato.it;SI;http://questure.poliziadistato.it/Lodi;45.3123;9.4992
RIMINI;RIMINI;Emilia-Romagna;Questura;Questura Rimini;Corso D`Augusto n.192;47900;RN;0541436111;0541436777;urp.quest.rn@pecps.poliziadistato.it;SI;http://questure.poliziadistato.it/Rimini;44.0622;12.5652
PRATO;PRATO;Toscana;Questura;Questura Prato;Via Migliore di Cino n.10/12;59100;PO;Centralino - 05745555;;;SI;http://questure.poliziadistato.it/Prato;43.8602;11.1068
CROTONE;CROTONE;Calabria;Questura;Questura Crotone;Largo Pastificio n.20;88900;KR;09626636111;09626636777;gab.quest.kr@pecps.poliziadistato.it;SI;http://questure.poliziadistato.it/Crotone;39.0841;17.121
VIBO VALENTIA;VIBO VALENTIA;Calabria;Questura;Questura Vibo Valentia;Via S. Aloe snc;89900;VV;0963965111;;gab.quest.vv@pecps.poliziadistato.it;SI;http://questure.poliziadistato.it/ViboValentia;38.68;16.106
OMEGNA;VERBANIA;Piemonte;Commissariato di P.S.;Commissariato Omegna;Via Comoli n.142;28887;VB;0323860411;;;SI;;45.8701;8.40094
VERBANIA;VERBANIA;Piemonte;Questura;Questura Verbano Cusio Ossola;Corso Nazioni Unite 18;28922;VB;03235115;0323511552;gab.quest.vb@pecps.poliziadistato.it;SI;http://questure.poliziadistato.it/VerbanoCusioOssola;45.9280556;8.56916
ARZACHENA;OLBIA-TEMPIO;Sardegna;Commissariato di P.S.;Commissariato Porto Cervo Arzachena;Via Nazionale snc,   Loc. Cannigione;07021;SS;0789901900;;;SI;;41.0788;9.38815
OLBIA;OLBIA-TEMPIO;Sardegna;Commissariato di P.S.;Commissariato Olbia;Via Del Castagno s.n.c.;07026;SS;0789-550700;0789-550709;comm.olbia.ss@pecps.poliziadistato.it;SI;;40.9296;9.50131
TEMPIO PAUSANIA;OLBIA-TEMPIO;Sardegna;Commissariato di P.S.;Commissariato Tempio Pausania;Viale Bernardo Demuro, 5;07029;SS;0796725000;;;SI;;40.8991;9.10084
LANUSEI;OGLIASTRA;Sardegna;Commissariato di P.S.;Commissariato Lanusei;Viale della Repubblica n.65;08045;NU;078247051;;comm.lanusei.nu@pecps.poliziadistato.it;SI;;39.8811;9.542
TORTOLI';OGLIASTRA;Sardegna;Commissariato di P.S.;Commissariato Tortol ;Via G. Deledda n.33;08048;NU;0782600000;;comm.tortoli.nu@pecps.poliziadistato.it;SI;;39.9304;9.66795
CARBONIA;CARBONIA IGLESIAS;Sardegna;Commissariato di P.S.;Commissariato Carbonia;Via Ala Italiana n.8;09013;CI;078166931;0781669341;comm.carbonia.ca@pecps.poliziadistato.it;SI;;39.1656;8.5224
IGLESIAS;CARBONIA IGLESIAS;Sardegna;Commissariato di P.S.;Commissariato Iglesias;Via Emanuela LOI n 11;09016;CI;078127501;07812750240;comm.iglesias.ca@pecps.poliziadistato.it;SI;;39.3131;8.54249
MONZA;MONZA-BRIANZA;Lombardia;Commissariato di P.S.;Commissariato Monza;Via Romagna n.40;20052;MI;03924101;;;SI;;45.5726;9.25089
FERMO;FERMO;Marche;Commissariato di P.S.;Commissariato Fermo;Via Virgilio. nr. 2;63900;AP;0734-25441;071-2077084;commissariatofermo.ap@poliziadistato.it;SI;;43.1571;13.7309
ANDRIA;BARLETTA-ANDRIA-TRANI;Puglia;Commissariato di P.S.;Commissariato Andria;Via G. Rossini Nr. 52;70031;BA;0883595511;;;SI;;41.2263;16.3056
BARLETTA;BARLETTA-ANDRIA-TRANI;Puglia;Commissariato di P.S.;Commissariato Barletta;Viale Alessandro Manzoni Nr. 29;70051;BA;0883341611;;;SI;;41.3088;16.283
CANOSA DI PUGLIA;BARLETTA-ANDRIA-TRANI;Puglia;Commissariato di P.S.;Commissariato Canosa di Puglia;Corso Garibaldi Nr. 247;70053;BA;0883669311;;;SI;;41.2194;16.0556
TRANI;BARLETTA-ANDRIA-TRANI;Puglia;Commissariato di P.S.;Commissariato Trani;Via Sant'Annibale Maria di Francia Nr. 100;70059;BA;0883501611;0883501631;commissariato.trani.ba@poliziadistato.it;SI;;41.2688;16.4202
